id,user_id,experiment_id,scenario_type,dose_rate,dose_absortion,event_position,event_datetime
0,"FDI_BJ","","T2_BasicEmergency","[0.190051;0.180596;0.180574;0.180914;0.181126;0.180408;0.180415;0.180779;0.181701;0.18232;]","[0.0;0.000026;0.000054;0.00008;0.000107;0.000133;0.000158;0.000184;0.000211;0.000238;]","[(-3040.0;12260.0);(-3140.061035;12273.603516);(-3140.084961;12277.085938);(-3136.124023;12280.280273);(-3133.76123;12280.549805);(-3142.33252;12270.396484);(-3142.054199;12273.828125);(-3137.742432;12278.188477);(-3127.481201;12279.645508);(-3120.99292;12274.969727);]","[1-1-1 0:0:0.0;1-1-1 0:0:0.0;1-1-1 0:0:0.0;1-1-1 0:0:0.0;1-1-1 0:0:0.0;1-1-1 0:0:0.0;1-1-1 0:0:0.0;1-1-1 0:0:0.0;1-1-1 0:0:0.0;1-1-1 0:0:0.0;]"
1,"FDI_BJ","","T2_BasicEmergency","[0.182463;0.182454;0.183609;0.183865;0.184042;0.184235;0.184357;0.184269;0.184151;0.184304;]","[0.000265;0.000293;0.00032;0.000347;0.000375;0.000403;0.00043;0.000457;0.000486;0.000513;]","[(-3119.842773;12268.069336);(-3120.212158;12263.671875);(-3107.650879;12263.699219);(-3104.489502;12270.356445);(-3102.647461;12269.25293);(-3100.894531;12263.771484);(-3099.609863;12263.407227);(-3100.564453;12263.154297);(-3101.874268;12262.509766);(-3100.252197;12262.169922);]","[1-1-1 0:0:0.0;1-1-1 0:0:0.0;1-1-1 0:0:0.0;1-1-1 0:0:0.0;1-1-1 0:0:0.0;1-1-1 0:0:0.0;1-1-1 0:0:0.0;1-1-1 0:0:0.0;1-1-1 0:0:0.0;1-1-1 0:0:0.0;]"
2,"FDI_BJ","","T2_BasicEmergency","[0.184293;0.184136;0.18399;0.184066;0.184217;0.184404;0.18445;0.184326;0.184217;0.184091;]","[0.00054;0.000567;0.000594;0.000621;0.000648;0.000675;0.000704;0.000731;0.000758;0.000785;]","[(-3100.40332;12261.638672);(-3102.12793;12260.905273);(-3103.658691;12261.666992);(-3102.828613;12261.811523);(-3101.172607;12262.361328);(-3099.124268;12263.025391);(-3098.619873;12263.261719);(-3099.971436;12262.786133);(-3101.105225;12263.480469);(-3102.436279;12263.879883);]","[1-1-1 0:0:0.0;1-1-1 0:0:0.0;1-1-1 0:0:0.0;1-1-1 0:0:0.0;1-1-1 0:0:0.0;1-1-1 0:0:0.0;1-1-1 0:0:0.0;1-1-1 0:0:0.0;1-1-1 0:0:0.0;1-1-1 0:0:0.0;]"
3,"FDI_BJ","","T2_BasicEmergency","[0.183965;0.183984;0.184156;0.184184;0.18426;0.184152;0.183933;0.183757;0.183767;0.183854;]","[0.000813;0.000841;0.000869;0.000897;0.000925;0.000953;0.00098;0.001007;0.001034;0.001061;]","[(-3103.828613;12263.392578);(-3103.693115;12262.204102);(-3101.839355;12262.1875);(-3101.446777;12263.785156);(-3100.566406;12264.808594);(-3101.751953;12264.367188);(-3104.159424;12263.626953);(-3106.119385;12262.647461);(-3106.02002;12262.479492);(-3105.116699;12261.919922);]","[1-1-1 0:0:0.0;1-1-1 0:0:0.0;1-1-1 0:0:0.0;1-1-1 0:0:0.0;1-1-1 0:0:0.0;1-1-1 0:0:0.0;1-1-1 0:0:0.0;1-1-1 0:0:0.0;1-1-1 0:0:0.0;1-1-1 0:0:0.0;]"
4,"FDI_BJ","","T2_BasicEmergency","[0.184091;0.184144;0.184112;0.183934;0.183848;0.183896;0.183953;0.183963;0.183996;0.183985;]","[0.001088;0.001115;0.001143;0.00117;0.001198;0.001225;0.001252;0.001281;0.001308;0.001336;]","[(-3102.527344;12262.423828);(-3101.862061;12263.946289);(-3102.236328;12263.544922);(-3104.192383;12262.875977);(-3105.133057;12262.731445);(-3104.583252;12263.148438);(-3103.954346;12263.459961);(-3103.863525;12263.078125);(-3103.501465;12263.250977);(-3103.599121;12263.545898);]","[1-1-1 0:0:0.0;1-1-1 0:0:0.0;1-1-1 0:0:0.0;1-1-1 0:0:0.0;1-1-1 0:0:0.0;1-1-1 0:0:0.0;1-1-1 0:0:0.0;1-1-1 0:0:0.0;1-1-1 0:0:0.0;1-1-1 0:0:0.0;]"
5,"FDI_BJ","","T2_BasicEmergency","[0.183891;0.183826;0.183835;0.183824;0.183759;0.889737;0.889621;0.888987;0.889378;0.888526;]","[0.001365;0.001392;0.00142;0.001447;0.001484;0.00156;0.001691;0.001818;0.001951;0.002082;]","[(-3104.625244;12263.330078);(-3105.290283;12264.099609);(-3105.176758;12264.293945);(-3105.307373;12264.029297);(-3106.012207;12263.994141);(-949.968994;12090.035156);(-950.080139;12090.234375);(-950.613586;12093.400391);(-950.242981;12092.666016);(-951.435791;12082.399414);]","[1-1-1 0:0:0.0;1-1-1 0:0:0.0;1-1-1 0:0:0.0;1-1-1 0:0:0.0;1-1-1 0:0:0.0;1-1-1 0:0:0.0;1-1-1 0:0:0.0;1-1-1 0:0:0.0;1-1-1 0:0:0.0;1-1-1 0:0:0.0;]"
6,"FDI_BJ","","T2_BasicEmergency","[0.88329;0.886466;0.887024;0.885931;0.885027;0.886101;0.886864;0.888095;0.8891;0.891096;]","[0.002216;0.002353;0.002487;0.002618;0.002748;0.002879;0.003014;0.003145;0.003276;0.003407;]","[(-957.058716;12071.338867);(-953.77124;12073.273438);(-953.09436;12077.612305);(-954.186462;12078.366211);(-955.123535;12077.819336);(-954.052185;12076.90332);(-953.275146;12076.892578);(-952.033142;12076.547852);(-951.080872;12073.892578);(-949.072388;12073.422852);]","[1-1-1 0:0:0.0;1-1-1 0:0:0.0;1-1-1 0:0:0.0;1-1-1 0:0:0.0;1-1-1 0:0:0.0;1-1-1 0:0:0.0;1-1-1 0:0:0.0;1-1-1 0:0:0.0;1-1-1 0:0:0.0;1-1-1 0:0:0.0;]"
7,"FDI_BJ","","T2_BasicEmergency","[0.892915;0.893198;0.892085;0.89124;0.890962;0.890521;0.8901;0.889638;0.889723;0.890696;]","[0.003542;0.003674;0.003805;0.003937;0.004074;0.004209;0.00434;0.004474;0.004604;0.004734;]","[(-947.213074;12074.457031);(-946.901367;12075.493164);(-948.0177;12075.693359);(-948.875977;12075.489258);(-949.162415;12075.261719);(-949.615356;12074.97168);(-950.039795;12075.040039);(-950.504272;12075.149414);(-950.411865;12075.413086);(-949.4375;12075.027344);]","[1-1-1 0:0:0.0;1-1-1 0:0:0.0;1-1-1 0:0:0.0;1-1-1 0:0:0.0;1-1-1 0:0:0.0;1-1-1 0:0:0.0;1-1-1 0:0:0.0;1-1-1 0:0:0.0;1-1-1 0:0:0.0;1-1-1 0:0:0.0;]"
8,"FDI_BJ","","T2_BasicEmergency","[0.891499;0.890796;0.890249;0.889733;0.890938;0.890696;0.89013;0.889833;0.888854;0.889133;]","[0.004863;0.004994;0.005131;0.005263;0.005397;0.005531;0.005668;0.005803;0.005936;0.006066;]","[(-948.630737;12074.829102);(-949.336365;12075.017578);(-949.881104;12075.369141);(-950.402222;12075.37793);(-949.189453;12075.169922);(-949.446899;12074.646484);(-950.033936;12074.026367);(-950.339844;12073.806641);(-951.331116;12073.857422);(-951.042603;12074.066406);]","[1-1-1 0:0:0.0;1-1-1 0:0:0.0;1-1-1 0:0:0.0;1-1-1 0:0:0.0;1-1-1 0:0:0.0;1-1-1 0:0:0.0;1-1-1 0:0:0.0;1-1-1 0:0:0.0;1-1-1 0:0:0.0;1-1-1 0:0:0.0;]"
9,"FDI_BJ","","T2_BasicEmergency","[0.896575;0.899395;0.898503;0.891648;0.889885;0.888698;0.907995;0.90812;0.924793;0.924857;]","[0.006199;0.006334;0.006468;0.006604;0.006735;0.006873;0.007007;0.00714;0.007281;0.007417;]","[(-943.439514;12078.260742);(-940.535706;12081.431641);(-941.477417;12079.556641);(-948.477478;12074.955078);(-950.285583;12073.874023);(-951.551758;12071.193359);(-924.800171;11861.610352);(-924.749939;11862.382812);(-909.509583;11872.952148);(-910.49469;11885.149414);]","[1-1-1 0:0:0.0;1-1-1 0:0:0.0;1-1-1 0:0:0.0;1-1-1 0:0:0.0;1-1-1 0:0:0.0;1-1-1 0:0:0.0;1-1-1 0:0:0.0;1-1-1 0:0:0.0;1-1-1 0:0:0.0;1-1-1 0:0:0.0;]"
10,"FDI_BJ","","T2_BasicEmergency","[0.941853;0.937849;0.926037;0.9247;0.925288;0.923698;0.923933;0.924458;0.924798;0.925288;]","[0.007559;0.007701;0.00784;0.007975;0.008111;0.008243;0.008378;0.008511;0.008646;0.008788;]","[(-899.932373;11988.160156);(-903.105042;11969.009766);(-914.121338;11965.011719);(-915.393555;11964.890625);(-914.905823;11966.950195);(-916.452332;11967.679688);(-916.190063;11966.629883);(-915.682739;11966.493164);(-915.367981;11966.773438);(-914.893127;11966.578125);]","[1-1-1 0:0:0.0;1-1-1 0:0:0.0;1-1-1 0:0:0.0;1-1-1 0:0:0.0;1-1-1 0:0:0.0;1-1-1 0:0:0.0;1-1-1 0:0:0.0;1-1-1 0:0:0.0;1-1-1 0:0:0.0;1-1-1 0:0:0.0;]"
11,"FDI_BJ","","T2_BasicEmergency","[0.925485;0.925247;0.9247;0.925032;0.925957;0.926285;0.925175;0.923703;0.923748;0.92616;]","[0.008929;0.009066;0.009203;0.009335;0.009472;0.009609;0.009746;0.009882;0.010017;0.010154;]","[(-914.704651;11966.578125);(-914.917053;11966.172852);(-915.438293;11966.112305);(-915.116943;11966.012695);(-914.225525;11965.791992);(-913.905029;11965.561523);(-914.975769;11965.879883);(-916.391663;11966.112305);(-916.363892;11966.53418);(-914.138245;11968.775391);]","[1-1-1 0:0:0.0;1-1-1 0:0:0.0;1-1-1 0:0:0.0;1-1-1 0:0:0.0;1-1-1 0:0:0.0;1-1-1 0:0:0.0;1-1-1 0:0:0.0;1-1-1 0:0:0.0;1-1-1 0:0:0.0;1-1-1 0:0:0.0;]"
12,"FDI_BJ","","T2_BasicEmergency","[0.922564;0.92049;0.924772;0.923783;0.923593;0.924403;0.925182;0.925683;0.924902;0.924332;]","[0.010296;0.010431;0.010567;0.010699;0.010837;0.010973;0.011116;0.011253;0.011395;0.011535;]","[(-917.455566;11965.360352);(-919.282349;11960.963867);(-915.185913;11961.223633);(-916.204102;11963.104492);(-916.386597;11963.126953);(-915.644714;11964.011719);(-914.886902;11963.660156);(-914.397278;11963.355469);(-915.090393;11961.988281);(-915.60675;11961.226562);]","[1-1-1 0:0:0.0;1-1-1 0:0:0.0;1-1-1 0:0:0.0;1-1-1 0:0:0.0;1-1-1 0:0:0.0;1-1-1 0:0:0.0;1-1-1 0:0:0.0;1-1-1 0:0:0.0;1-1-1 0:0:0.0;1-1-1 0:0:0.0;]"
13,"FDI_BJ","","T2_BasicEmergency","[0.924368;0.924253;0.923641;0.923646;0.923877;0.924048;0.924285;0.924214;0.924961;0.924998;]","[0.011671;0.011809;0.011949;0.012084;0.012226;0.012365;0.012504;0.012643;0.012783;0.012921;]","[(-915.570435;11961.202148);(-915.694641;11961.56543);(-916.287598;11961.732422);(-916.305542;11962.328125);(-916.100525;11962.758789);(-915.940918;11962.850586);(-915.699707;11962.478516);(-915.748047;11961.967773);(-915.022583;11961.686523);(-914.975403;11961.387695);]","[1-1-1 0:0:0.0;1-1-1 0:0:0.0;1-1-1 0:0:0.0;1-1-1 0:0:0.0;1-1-1 0:0:0.0;1-1-1 0:0:0.0;1-1-1 0:0:0.0;1-1-1 0:0:0.0;1-1-1 0:0:0.0;1-1-1 0:0:0.0;]"
14,"FDI_BJ","","T2_BasicEmergency","[0.924443;0.923969;0.924295;0.925094;0.925557;0.925855;0.92572;0.925404;0.925061;0.924765;]","[0.01306;0.013195;0.01333;0.013469;0.013605;0.013739;0.013875;0.014013;0.014148;0.014287;]","[(-915.546204;11962.423828);(-916.039124;11963.467773);(-915.70752;11962.945312);(-914.923279;11962.396484);(-914.454895;11961.709961);(-914.120789;11960.458984);(-914.219788;11959.704102);(-914.525635;11959.791016);(-914.857483;11959.898438);(-915.153442;11960.237305);]","[1-1-1 0:0:0.0;1-1-1 0:0:0.0;1-1-1 0:0:0.0;1-1-1 0:0:0.0;1-1-1 0:0:0.0;1-1-1 0:0:0.0;1-1-1 0:0:0.0;1-1-1 0:0:0.0;1-1-1 0:0:0.0;1-1-1 0:0:0.0;]"
15,"FDI_BJ","","T2_BasicEmergency","[0.924514;0.924596;0.933954;0.939365;0.937254;0.923949;0.922483;0.922049;0.922208;0.923744;]","[0.014426;0.014564;0.014705;0.014844;0.014988;0.015127;0.015269;0.015412;0.01555;0.015684;]","[(-915.399658;11960.404297);(-915.306946;11960.045898);(-906.510376;11962.164062);(-901.664307;11968.333984);(-903.522705;11965.141602);(-916.018921;11962.413086);(-917.482849;11963.985352);(-917.882812;11963.545898);(-917.701355;11962.785156);(-916.172241;11961.317383);]","[1-1-1 0:0:0.0;1-1-1 0:0:0.0;1-1-1 0:0:0.0;1-1-1 0:0:0.0;1-1-1 0:0:0.0;1-1-1 0:0:0.0;1-1-1 0:0:0.0;1-1-1 0:0:0.0;1-1-1 0:0:0.0;1-1-1 0:0:0.0;]"
16,"FDI_BJ","","T2_BasicEmergency","[0.924766;0.925448;0.925378;0.925023;0.92513;0.92535;0.925559;0.925657;0.925913;0.925906;]","[0.015824;0.015964;0.016102;0.016239;0.016378;0.016518;0.016656;0.016792;0.016928;0.017064;]","[(-915.211426;11961.755859);(-914.592773;11962.59668);(-914.666687;11962.776367);(-915.010132;11962.897461);(-914.90387;11962.785156);(-914.6828;11962.511719);(-914.487366;11962.624023);(-914.383972;11962.355469);(-914.087952;11961.017578);(-914.070618;11960.40918);]","[1-1-1 0:0:0.0;1-1-1 0:0:0.0;1-1-1 0:0:0.0;1-1-1 0:0:0.0;1-1-1 0:0:0.0;1-1-1 0:0:0.0;1-1-1 0:0:0.0;1-1-1 0:0:0.0;1-1-1 0:0:0.0;1-1-1 0:0:0.0;]"
17,"FDI_BJ","","T2_BasicEmergency","[0.925368;0.924834;0.924908;0.925723;0.925905;0.926909;0.936927;0.939711;0.939301;0.939192;]","[0.017202;0.017334;0.017469;0.017605;0.017744;0.01788;0.018016;0.018157;0.018296;0.018434;]","[(-914.617493;11961.270508);(-915.187988;11962.822266);(-915.159302;11963.930664);(-914.344788;11962.970703);(-914.127136;11961.828125);(-913.156067;11961.484375);(-903.843933;11965.540039);(-901.422852;11970.700195);(-901.851746;11972.081055);(-902.021973;11974.205078);]","[1-1-1 0:0:0.0;1-1-1 0:0:0.0;1-1-1 0:0:0.0;1-1-1 0:0:0.0;1-1-1 0:0:0.0;1-1-1 0:0:0.0;1-1-1 0:0:0.0;1-1-1 0:0:0.0;1-1-1 0:0:0.0;1-1-1 0:0:0.0;]"
18,"FDI_BJ","","T2_BasicEmergency","[0.938195;0.938469;0.938901;0.939061;0.938977;0.93921;0.938999;0.929374;0.922874;0.924277;]","[0.018578;0.018717;0.018855;0.018995;0.019136;0.019272;0.019412;0.01955;0.019693;0.019829;]","[(-903.004578;11975.810547);(-902.746826;11975.766602);(-902.328735;11975.306641);(-902.163025;11974.775391);(-902.242371;11974.804688);(-902.028809;11974.953125);(-902.23291;11975.167969);(-910.927063;11964.478516);(-917.109131;11964.029297);(-915.78125;11964.455078);]","[1-1-1 0:0:0.0;1-1-1 0:0:0.0;1-1-1 0:0:0.0;1-1-1 0:0:0.0;1-1-1 0:0:0.0;1-1-1 0:0:0.0;1-1-1 0:0:0.0;1-1-1 0:0:0.0;1-1-1 0:0:0.0;1-1-1 0:0:0.0;]"
19,"FDI_BJ","","T2_BasicEmergency","[0.926005;0.9266;0.926983;0.926237;0.924945;0.92587;0.926856;0.926411;0.925944;0.925686;]","[0.019967;0.020105;0.020245;0.020381;0.02052;0.020659;0.020799;0.020939;0.021082;0.021221;]","[(-914.101257;11963.669922);(-913.498291;11962.714844);(-913.063904;11960.916992);(-913.751099;11960.3125);(-915.003479;11960.803711);(-914.17218;11962.147461);(-913.215759;11961.717773);(-913.610474;11960.969727);(-914.05365;11960.900391);(-914.348206;11962.137695);]","[1-1-1 0:0:0.0;1-1-1 0:0:0.0;1-1-1 0:0:0.0;1-1-1 0:0:0.0;1-1-1 0:0:0.0;1-1-1 0:0:0.0;1-1-1 0:0:0.0;1-1-1 0:0:0.0;1-1-1 0:0:0.0;1-1-1 0:0:0.0;]"
20,"FDI_BJ","","T2_BasicEmergency","[0.925824;0.929982;0.936754;0.938002;0.937737;0.936943;0.936427;0.937155;0.937328;0.935779;]","[0.02136;0.021495;0.021634;0.021773;0.021916;0.022054;0.022192;0.022334;0.022472;0.022613;]","[(-914.265625;11963.448242);(-910.386841;11965.451172);(-904.218933;11971.615234);(-903.144348;11974.524414);(-903.393494;11974.547852);(-904.148682;11974.921875);(-904.65564;11975.682617);(-904.00177;11976.607422);(-903.908752;11978.901367);(-905.438782;11981.658203);]","[1-1-1 0:0:0.0;1-1-1 0:0:0.0;1-1-1 0:0:0.0;1-1-1 0:0:0.0;1-1-1 0:0:0.0;1-1-1 0:0:0.0;1-1-1 0:0:0.0;1-1-1 0:0:0.0;1-1-1 0:0:0.0;1-1-1 0:0:0.0;]"
21,"FDI_BJ","","T2_BasicEmergency","[0.935362;0.934573;0.934215;0.934168;0.934592;0.935632;0.936392;0.937774;0.939758;0.939411;]","[0.02275;0.022884;0.023018;0.023155;0.023291;0.023426;0.023565;0.023707;0.023846;0.023988;]","[(-905.825806;11981.479492);(-906.559875;11981.207031);(-906.907288;11981.589844);(-906.92688;11980.728516);(-906.512146;11980.143555);(-905.541443;11980.391602);(-904.813354;11979.870117);(-903.504211;11979.356445);(-901.610413;11977.998047);(-901.926086;11977.728516);]","[1-1-1 0:0:0.0;1-1-1 0:0:0.0;1-1-1 0:0:0.0;1-1-1 0:0:0.0;1-1-1 0:0:0.0;1-1-1 0:0:0.0;1-1-1 0:0:0.0;1-1-1 0:0:0.0;1-1-1 0:0:0.0;1-1-1 0:0:0.0;]"
22,"FDI_BJ","","T2_BasicEmergency","[0.939321;0.939323;0.939232;0.939429;0.940419;0.941174;0.9405;0.939928;0.939376;0.938709;]","[0.024132;0.024271;0.024409;0.024547;0.024685;0.024824;0.024964;0.025104;0.025242;0.02539;]","[(-902.028381;11978.333984);(-902.042542;11978.875977);(-902.136108;11979.166992);(-901.929871;11978.40918);(-900.952454;11976.605469);(-900.223328;11975.74707);(-900.842346;11975.474609);(-901.364441;11975.110352);(-901.909119;11976.0625);(-902.540283;11976.348633);]","[1-1-1 0:0:0.0;1-1-1 0:0:0.0;1-1-1 0:0:0.0;1-1-1 0:0:0.0;1-1-1 0:0:0.0;1-1-1 0:0:0.0;1-1-1 0:0:0.0;1-1-1 0:0:0.0;1-1-1 0:0:0.0;1-1-1 0:0:0.0;]"
23,"FDI_BJ","","T2_BasicEmergency","[0.938907;0.939057;0.939616;0.938909;0.938385;0.937616;0.938207;0.93715;0.928499;0.925721;]","[0.025532;0.025672;0.025811;0.025951;0.026096;0.026236;0.026376;0.026513;0.026657;0.026793;]","[(-902.37854;11977.114258);(-902.234253;11976.975586);(-901.695374;11976.397461);(-902.355103;11976.387695);(-902.889771;11977.875977);(-903.578003;11976.869141);(-902.989258;11975.700195);(-903.807861;11970.432617);(-911.700684;11962.951172);(-914.349548;11963.060547);]","[1-1-1 0:0:0.0;1-1-1 0:0:0.0;1-1-1 0:0:0.0;1-1-1 0:0:0.0;1-1-1 0:0:0.0;1-1-1 0:0:0.0;1-1-1 0:0:0.0;1-1-1 0:0:0.0;1-1-1 0:0:0.0;1-1-1 0:0:0.0;]"
24,"FDI_BJ","","T2_BasicEmergency","[0.917703;0.916574;0.917598;0.628438;0.629207;0.630232;0.62705;0.629486;0.630061;0.629978;]","[0.026935;0.027069;0.02721;0.02733;0.027422;0.027515;0.027607;0.027701;0.027797;0.027891;]","[(-922.337585;11971.108398);(-923.614136;11976.926758);(-922.733765;11980.765625);(-1283.946777;12226.043945);(-1282.484985;12227.626953);(-1280.922485;12225.603516);(-1285.927246;12230.353516);(-1282.095459;12226.695312);(-1280.599243;12232.189453);(-1280.605957;12233.597656);]","[1-1-1 0:0:0.0;1-1-1 0:0:0.0;1-1-1 0:0:0.0;1-1-1 0:0:0.0;1-1-1 0:0:0.0;1-1-1 0:0:0.0;1-1-1 0:0:0.0;1-1-1 0:0:0.0;1-1-1 0:0:0.0;1-1-1 0:0:0.0;]"
25,"FDI_BJ","","T2_BasicEmergency","[0.629313;0.629188;0.629496;0.62952;0.629401;0.629201;0.629013;0.629039;0.628973;0.629023;]","[0.027983;0.028078;0.028175;0.028267;0.028361;0.028453;0.028548;0.028643;0.028735;0.02883;]","[(-1281.849731;12232.46875);(-1282.077637;12232.321289);(-1281.483643;12233.021484);(-1281.444336;12233.003906);(-1281.67688;12232.710938);(-1282.039795;12232.477539);(-1282.372925;12232.359375);(-1282.327393;12232.368164);(-1282.445801;12232.3125);(-1282.349854;12232.417969);]","[1-1-1 0:0:0.0;1-1-1 0:0:0.0;1-1-1 0:0:0.0;1-1-1 0:0:0.0;1-1-1 0:0:0.0;1-1-1 0:0:0.0;1-1-1 0:0:0.0;1-1-1 0:0:0.0;1-1-1 0:0:0.0;1-1-1 0:0:0.0;]"
26,"FDI_BJ","","T2_BasicEmergency","[0.629036;0.62888;0.62873;0.628919;0.629428;0.629525;0.629138;0.62881;0.628534;0.628702;]","[0.028924;0.029016;0.02911;0.029211;0.029326;0.029419;0.029512;0.029608;0.029704;0.029826;]","[(-1282.303833;12232.669922);(-1282.637695;12231.973633);(-1282.970459;12231.168945);(-1282.60083;12231.65332);(-1281.665283;12232.344727);(-1281.483276;12232.513672);(-1282.219971;12231.719727);(-1282.806519;12231.448242);(-1283.23877;12231.866211);(-1282.884888;12232.564453);]","[1-1-1 0:0:0.0;1-1-1 0:0:0.0;1-1-1 0:0:0.0;1-1-1 0:0:0.0;1-1-1 0:0:0.0;1-1-1 0:0:0.0;1-1-1 0:0:0.0;1-1-1 0:0:0.0;1-1-1 0:0:0.0;1-1-1 0:0:0.0;]"
27,"FDI_BJ","","T2_BasicEmergency","[0.627947;0.636142;0.641128;0.639065;0.639806;0.641287;0.640983;1.174001;2.403765;2.40449;]","[0.029945;0.030038;0.030132;0.030227;0.030323;0.030421;0.030516;0.030676;0.030908;0.031301;]","[(-1285.039795;12223.28125);(-1272.147705;12211.760742);(-1263.894653;12210.871094);(-1267.034424;12214.286133);(-1265.849731;12213.694336);(-1263.42395;12213.276367);(-1263.86084;12214.051758);(-713.562866;12145.674805);(-245.163147;12063.245117);(-244.978333;12063.87793);]","[1-1-1 0:0:0.0;1-1-1 0:0:0.0;1-1-1 0:0:0.0;1-1-1 0:0:0.0;1-1-1 0:0:0.0;1-1-1 0:0:0.0;1-1-1 0:0:0.0;1-1-1 0:0:0.0;1-1-1 0:0:0.0;1-1-1 0:0:0.0;]"
28,"FDI_BJ","","T2_BasicEmergency","[3.63626;3.643477;3.658494;3.649632;3.601552;3.560592;3.548699;3.547271;3.551537;3.555142;]","[0.031745;0.03228;0.032813;0.033356;0.033889;0.034427;0.034965;0.035505;0.03604;0.036556;]","[(-39.024086;12086.470703);(-38.020935;12088.306641);(-36.142628;12088.998047);(-37.369541;12086.746094);(-43.578384;12082.142578);(-48.688679;12082.705078);(-50.155407;12083.439453);(-50.353199;12083.167969);(-49.863842;12082.254883);(-49.415119;12082.09668);]","[1-1-1 0:0:0.0;1-1-1 0:0:0.0;1-1-1 0:0:0.0;1-1-1 0:0:0.0;1-1-1 0:0:0.0;1-1-1 0:0:0.0;1-1-1 0:0:0.0;1-1-1 0:0:0.0;1-1-1 0:0:0.0;1-1-1 0:0:0.0;]"
29,"FDI_BJ","","T2_BasicEmergency","[3.555349;3.553588;3.558583;3.562297;3.567225;3.607546;3.620275;3.629583;3.644437;3.643023;]","[0.037077;0.037591;0.038115;0.038643;0.039167;0.039688;0.040211;0.040739;0.04127;0.041809;]","[(-49.411556;12081.704102);(-49.690884;12080.724609);(-49.079342;12080.330078);(-48.629368;12079.963867);(-47.956394;12080.856445);(-42.595707;12086.05957);(-40.835835;12088.894531);(-39.590908;12090.339844);(-37.647835;12092.075195);(-37.850304;12091.654297);]","[1-1-1 0:0:0.0;1-1-1 0:0:0.0;1-1-1 0:0:0.0;1-1-1 0:0:0.0;1-1-1 0:0:0.0;1-1-1 0:0:0.0;1-1-1 0:0:0.0;1-1-1 0:0:0.0;1-1-1 0:0:0.0;1-1-1 0:0:0.0;]"
30,"FDI_BJ","","T2_BasicEmergency","[3.599255;3.566048;3.556496;3.54851;3.541539;3.545721;3.55806;3.565905;3.568639;3.570658;]","[0.042355;0.042879;0.043399;0.043936;0.044459;0.044981;0.045504;0.046019;0.046565;0.047103;]","[(-43.567822;12087.000977);(-47.725727;12087.162109);(-48.898411;12087.742188);(-49.886547;12088.164062);(-50.845158;12087.076172);(-50.344631;12086.550781);(-48.865772;12085.102539);(-47.905308;12084.567383);(-47.51543;12085.293945);(-47.198383;12086.295898);]","[1-1-1 0:0:0.0;1-1-1 0:0:0.0;1-1-1 0:0:0.0;1-1-1 0:0:0.0;1-1-1 0:0:0.0;1-1-1 0:0:0.0;1-1-1 0:0:0.0;1-1-1 0:0:0.0;1-1-1 0:0:0.0;1-1-1 0:0:0.0;]"
31,"FDI_BJ","","T2_BasicEmergency","[3.573313;3.595271;3.593258;3.571206;3.565953;3.583774;3.592296;3.600819;3.602237;3.591421;]","[0.047629;0.048146;0.048662;0.049198;0.049718;0.050259;0.050908;0.051553;0.052086;0.052604;]","[(-46.833126;12086.78125);(-43.962399;12088.585938);(-44.19796;12088.828125);(-47.087795;12086.953125);(-47.751865;12086.939453);(-45.375027;12088.988281);(-44.286247;12089.3125);(-43.173126;12090.049805);(-42.922565;12091.139648);(-44.377716;12089.583008);]","[1-1-1 0:0:0.0;1-1-1 0:0:0.0;1-1-1 0:0:0.0;1-1-1 0:0:0.0;1-1-1 0:0:0.0;1-1-1 0:0:0.0;1-1-1 0:0:0.0;1-1-1 0:0:0.0;1-1-1 0:0:0.0;1-1-1 0:0:0.0;]"
32,"FDI_BJ","","T2_BasicEmergency","[3.582582;3.568539;3.582927;3.580404;3.574522;3.567115;3.571555;3.579567;3.608913;3.649935;]","[0.053209;0.053944;0.05447;0.055008;0.055536;0.056059;0.05657;0.057096;0.057633;0.058169;]","[(-45.584438;12088.074219);(-47.52306;12085.375);(-45.550007;12087.938477);(-45.823627;12088.601562);(-46.662479;12087.069336);(-47.7841;12084.043945);(-47.216091;12084.170898);(-46.215221;12084.045898);(-42.711601;12081.311523);(-37.756409;12079.675781);]","[1-1-1 0:0:0.0;1-1-1 0:0:0.0;1-1-1 0:0:0.0;1-1-1 0:0:0.0;1-1-1 0:0:0.0;1-1-1 0:0:0.0;1-1-1 0:0:0.0;1-1-1 0:0:0.0;1-1-1 0:0:0.0;1-1-1 0:0:0.0;]"
33,"FDI_BJ","","T2_BasicEmergency","[3.695427;3.703049;3.69034;3.650152;3.624653;3.636116;3.640485;3.637794;3.638176;3.628366;]","[0.058706;0.059258;0.059811;0.060365;0.060892;0.061428;0.061952;0.062495;0.06304;0.06357;]","[(-32.320538;12078.541016);(-31.369354;12079.258789);(-32.82951;12080.341797);(-37.814423;12078.143555);(-40.888439;12079.113281);(-39.287964;12082.452148);(-38.680286;12083.65625);(-39.045265;12083.072266);(-39.049038;12082.217773);(-40.29472;12081.524414);]","[1-1-1 0:0:0.0;1-1-1 0:0:0.0;1-1-1 0:0:0.0;1-1-1 0:0:0.0;1-1-1 0:0:0.0;1-1-1 0:0:0.0;1-1-1 0:0:0.0;1-1-1 0:0:0.0;1-1-1 0:0:0.0;1-1-1 0:0:0.0;]"
34,"FDI_BJ","","T2_BasicEmergency","[3.626445;3.629123;3.630377;3.615222;3.619324;3.627391;3.628361;3.627889;3.628762;3.625626;]","[0.06409;0.064631;0.065154;0.06568;0.066222;0.066757;0.067282;0.067814;0.068361;0.068899;]","[(-40.444485;12083.003906);(-40.007862;12084.769531);(-39.833412;12085.09375);(-41.80555;12083.423828);(-41.27784;12083.762695);(-40.250252;12084.293945);(-40.066299;12085.34082);(-40.127335;12085.292969);(-40.05722;12084.688477);(-40.484859;12084.012695);]","[1-1-1 0:0:0.0;1-1-1 0:0:0.0;1-1-1 0:0:0.0;1-1-1 0:0:0.0;1-1-1 0:0:0.0;1-1-1 0:0:0.0;1-1-1 0:0:0.0;1-1-1 0:0:0.0;1-1-1 0:0:0.0;1-1-1 0:0:0.0;]"
35,"FDI_BJ","","T2_BasicEmergency","[3.622845;3.631838;3.67607;3.883394;3.999335;4.039674;4.017779;4.004426;4.024661;4.046574;]","[0.069457;0.069992;0.070529;0.071087;0.071694;0.072311;0.072912;0.073509;0.074101;0.074711;]","[(-40.807049;12084.353516);(-39.535976;12086.963867);(-34.062538;12088.234375);(-10.068634;12087.686523);(2.47143;12086.545898);(6.698823;12086.030273);(4.343373;12085.265625);(3.022823;12086.694336);(5.202534;12087.256836);(7.463592;12086.661133);]","[1-1-1 0:0:0.0;1-1-1 0:0:0.0;1-1-1 0:0:0.0;1-1-1 0:0:0.0;1-1-1 0:0:0.0;1-1-1 0:0:0.0;1-1-1 0:0:0.0;1-1-1 0:0:0.0;1-1-1 0:0:0.0;1-1-1 0:0:0.0;]"
36,"FDI_BJ","","T2_BasicEmergency","[4.046479;3.932669;3.752284;3.687375;3.687;3.696395;3.690576;3.684794;3.685555;3.6854;]","[0.075388;0.07598;0.076536;0.077072;0.077615;0.07816;0.078705;0.079249;0.079788;0.080344;]","[(7.414998;12086.083984);(-4.918781;12083.369141);(-25.255821;12084.217773);(-32.794662;12086.785156);(-32.775028;12087.783203);(-31.623943;12088.140625);(-32.357044;12087.604492);(-33.024261;12088.029297);(-32.901417;12088.50293);(-32.903458;12088.753906);]","[1-1-1 0:0:0.0;1-1-1 0:0:0.0;1-1-1 0:0:0.0;1-1-1 0:0:0.0;1-1-1 0:0:0.0;1-1-1 0:0:0.0;1-1-1 0:0:0.0;1-1-1 0:0:0.0;1-1-1 0:0:0.0;1-1-1 0:0:0.0;]"
37,"FDI_BJ","","T2_BasicEmergency","[3.690122;3.68921;3.693604;3.696541;3.68924;3.683716;3.691038;3.697781;3.694907;3.700896;]","[0.080891;0.081429;0.081976;0.082509;0.083043;0.083578;0.084131;0.084685;0.085246;0.085797;]","[(-32.352169;12088.506836);(-32.515503;12087.689453);(-31.982521;12087.776367);(-31.617607;12087.97168);(-32.540668;12087.248047);(-33.175053;12087.708008);(-32.243382;12088.490234);(-31.456955;12088.15625);(-31.893394;12086.741211);(-31.163433;12086.944336);]","[1-1-1 0:0:0.0;1-1-1 0:0:0.0;1-1-1 0:0:0.0;1-1-1 0:0:0.0;1-1-1 0:0:0.0;1-1-1 0:0:0.0;1-1-1 0:0:0.0;1-1-1 0:0:0.0;1-1-1 0:0:0.0;1-1-1 0:0:0.0;]"
38,"FDI_BJ","","T2_BasicEmergency","[3.72392;3.722684;3.716737;3.718162;3.724588;3.724116;3.720316;3.722147;3.721953;3.723508;]","[0.086362;0.086908;0.087457;0.088002;0.088553;0.089105;0.089655;0.090208;0.090758;0.091304;]","[(-28.056904;12092.341797);(-28.312294;12090.789062);(-28.984688;12091.271484);(-28.711372;12092.745117);(-27.92104;12093.135742);(-28.055035;12092.040039);(-28.574928;12091.051758);(-28.395966;12090.499023);(-28.424053;12090.425781);(-28.205418;12090.921875);]","[1-1-1 0:0:0.0;1-1-1 0:0:0.0;1-1-1 0:0:0.0;1-1-1 0:0:0.0;1-1-1 0:0:0.0;1-1-1 0:0:0.0;1-1-1 0:0:0.0;1-1-1 0:0:0.0;1-1-1 0:0:0.0;1-1-1 0:0:0.0;]"
39,"FDI_BJ","","T2_BasicEmergency","[3.72515;3.722844;3.72127;3.721777;3.720523;3.721453;3.722696;3.723191;3.727478;3.725709;]","[0.091846;0.092402;0.092942;0.093497;0.094055;0.094601;0.09516;0.095708;0.096259;0.096806;]","[(-28.040707;12090.490234);(-28.411354;12089.05957);(-28.678371;12087.850586);(-28.671364;12087.038086);(-28.783684;12087.594727);(-28.618816;12088.421875);(-28.438316;12088.917969);(-28.376217;12088.969727);(-27.903084;12088.454102);(-28.137241;12088.080078);]","[1-1-1 0:0:0.0;1-1-1 0:0:0.0;1-1-1 0:0:0.0;1-1-1 0:0:0.0;1-1-1 0:0:0.0;1-1-1 0:0:0.0;1-1-1 0:0:0.0;1-1-1 0:0:0.0;1-1-1 0:0:0.0;1-1-1 0:0:0.0;]"
40,"FDI_BJ","","T2_BasicEmergency","[3.722224;3.725399;3.728307;3.729617;3.732054;3.734177;3.734252;3.730508;3.728092;3.732012;]","[0.097365;0.097933;0.098496;0.099046;0.09961;0.100166;0.100741;0.10129;0.10184;0.102413;]","[(-28.541733;12088.207031);(-28.094353;12089.272461);(-27.704666;12089.941406);(-27.540051;12090.084961);(-27.272591;12089.785156);(-27.033058;12089.62207);(-27.055309;12089.163086);(-27.531616;12088.652344);(-27.786285;12089.114258);(-27.284546;12089.682617);]","[1-1-1 0:0:0.0;1-1-1 0:0:0.0;1-1-1 0:0:0.0;1-1-1 0:0:0.0;1-1-1 0:0:0.0;1-1-1 0:0:0.0;1-1-1 0:0:0.0;1-1-1 0:0:0.0;1-1-1 0:0:0.0;1-1-1 0:0:0.0;]"
41,"FDI_BJ","","T2_BasicEmergency","[3.731555;3.730031;3.732457;3.734812;3.730461;3.729702;3.731051;3.733889;3.729963;3.73253;]","[0.102987;0.103536;0.104082;0.104641;0.105193;0.105768;0.106343;0.106906;0.107465;0.108015;]","[(-27.304607;12090.178711);(-27.459957;12090.537109);(-27.101326;12091.573242);(-26.893475;12090.564453);(-27.51228;12089.023438);(-27.70927;12087.40625);(-27.605034;12086.557617);(-27.253391;12086.81543);(-27.691975;12087.199219);(-27.357937;12087.668945);]","[1-1-1 0:0:0.0;1-1-1 0:0:0.0;1-1-1 0:0:0.0;1-1-1 0:0:0.0;1-1-1 0:0:0.0;1-1-1 0:0:0.0;1-1-1 0:0:0.0;1-1-1 0:0:0.0;1-1-1 0:0:0.0;1-1-1 0:0:0.0;]"
42,"FDI_BJ","","T2_BasicEmergency","[3.730503;3.731217;3.733335;3.732848;3.731524;3.732811;3.739125;3.750242;3.768582;3.803785;]","[0.108564;0.10912;0.109672;0.11025;0.110828;0.111376;0.111926;0.112503;0.113056;0.113638;]","[(-27.59581;12087.692383);(-27.578247;12086.668945);(-27.297173;12087.146484);(-27.28894;12088.147461);(-27.374393;12089.206055);(-27.216927;12089.288086);(-26.475407;12089.244141);(-25.156513;12089.432617);(-23.064014;12088.696289);(-19.046452;12087.943359);]","[1-1-1 0:0:0.0;1-1-1 0:0:0.0;1-1-1 0:0:0.0;1-1-1 0:0:0.0;1-1-1 0:0:0.0;1-1-1 0:0:0.0;1-1-1 0:0:0.0;1-1-1 0:0:0.0;1-1-1 0:0:0.0;1-1-1 0:0:0.0;]"
43,"FDI_BJ","","T2_BasicEmergency","[3.807892;3.769703;3.725757;3.70041;3.654519;3.63324;3.644076;3.653165;14.50728;14.565604;]","[0.114203;0.114769;0.115322;0.115872;0.116481;0.117255;0.117995;0.118554;0.11943;0.121771;]","[(-18.670658;12086.499023);(-23.022713;12087.357422);(-27.955891;12090.677734);(-30.609673;12095.731445);(-36.12751;12096.073242);(-38.806255;12095.083984);(-37.202541;12098.717773);(-35.978218;12100.163086);(435.842255;12195.255859);(436.532928;12194.574219);]","[1-1-1 0:0:0.0;1-1-1 0:0:0.0;1-1-1 0:0:0.0;1-1-1 0:0:0.0;1-1-1 0:0:0.0;1-1-1 0:0:0.0;1-1-1 0:0:0.0;1-1-1 0:0:0.0;1-1-1 0:0:0.0;1-1-1 0:0:0.0;]"
44,"FDI_BJ","","T2_BasicEmergency","[14.583349;14.572237;14.55344;14.581758;45.49716;47.507609;50.654981;52.370361;51.818345;50.428762;]","[0.124119;0.126297;0.128402;0.130519;0.135416;0.142164;0.149361;0.157;0.164743;0.172319;]","[(436.514648;12193.793945);(435.662415;12192.091797);(435.643494;12192.831055);(436.271332;12193.244141);(964.927673;12253.941406);(962.812256;12248.967773);(956.14502;12243.616211);(951.434509;12241.526367);(951.663757;12242.799805);(953.493042;12245.506836);]","[1-1-1 0:0:0.0;1-1-1 0:0:0.0;1-1-1 0:0:0.0;1-1-1 0:0:0.0;1-1-1 0:0:0.0;1-1-1 0:0:0.0;1-1-1 0:0:0.0;1-1-1 0:0:0.0;1-1-1 0:0:0.0;1-1-1 0:0:0.0;]"
45,"FDI_BJ","","T2_BasicEmergency","[117.809228;115.024587;112.608506;119.682742;235.072412;255.073987;275.332404;278.669792;280.813639;297.239915;]","[0.185879;0.203315;0.219659;0.236627;0.264577;0.298997;0.338095;0.377983;0.421198;0.466189;]","[(949.97168;11909.882812);(951.894775;11909.033203);(962.414795;11916.345703);(963.37677;11924.240234);(960.423218;12026.956055);(954.424194;12011.691406);(949.868652;12009.1875);(949.697754;12011.513672);(949.527893;12012.78125);(946.695068;12013.139648);]","[1-1-1 0:0:0.0;1-1-1 0:0:0.0;1-1-1 0:0:0.0;1-1-1 0:0:0.0;1-1-1 0:0:0.0;1-1-1 0:0:0.0;1-1-1 0:0:0.0;1-1-1 0:0:0.0;1-1-1 0:0:0.0;1-1-1 0:0:0.0;]"
46,"FDI_BJ","","T2_BasicEmergency","[287.393262;288.953555;287.312341;278.268603;280.46121;278.709579;275.993168;272.570216;274.018789;274.439498;]","[0.509057;0.5514;0.59384;0.635058;0.676153;0.71813;0.759324;0.799777;0.839531;0.880158;]","[(948.619202;12014.46875);(948.387634;12014.749023);(948.271912;12012.325195);(949.541443;12010.307617);(949.241516;12010.860352);(949.632629;12011.206055);(950.133057;12011.15332);(950.809631;12011.276367);(950.575378;12011.512695);(950.554749;12011.839844);]","[1-1-1 0:0:0.0;1-1-1 0:0:0.0;1-1-1 0:0:0.0;1-1-1 0:0:0.0;1-1-1 0:0:0.0;1-1-1 0:0:0.0;1-1-1 0:0:0.0;1-1-1 0:0:0.0;1-1-1 0:0:0.0;1-1-1 0:0:0.0;]"
47,"FDI_BJ","","T2_BasicEmergency","[270.903075;268.811701;269.346236;270.464755;269.53929;267.120487;270.712646;257.167178;257.397153;252.077178;]","[0.920895;0.95982;0.999869;1.039928;1.079651;1.119393;1.158991;1.199525;1.237835;1.274805;]","[(951.33783;12012.421875);(951.599365;12011.592773);(951.501892;12011.634766);(951.301025;12011.731445);(951.553711;12012.136719);(952.149902;12012.834961);(951.676147;12014.257812);(955.137756;12020.326172);(955.400391;12024.682617);(956.494751;12024.25);]","[1-1-1 0:0:0.0;1-1-1 0:0:0.0;1-1-1 0:0:0.0;1-1-1 0:0:0.0;1-1-1 0:0:0.0;1-1-1 0:0:0.0;1-1-1 0:0:0.0;1-1-1 0:0:0.0;1-1-1 0:0:0.0;1-1-1 0:0:0.0;]"
48,"FDI_BJ","","T2_BasicEmergency","[246.969541;241.125334;239.95313;239.424282;239.346594;238.337863;238.967092;238.499745;240.048208;236.42795;]","[1.312059;1.348148;1.392557;1.437198;1.473678;1.50875;1.548966;1.599012;1.634264;1.671202;]","[(957.455994;12021.986328);(958.750061;12021.770508);(959.110168;12023.088867);(959.25647;12023.489258);(959.21521;12022.563477);(959.405945;12021.959961);(959.267639;12022.0625);(959.628357;12027.219727);(959.299255;12031.301758);(960.129822;12028.107422);]","[1-1-1 0:0:0.0;1-1-1 0:0:0.0;1-1-1 0:0:0.0;1-1-1 0:0:0.0;1-1-1 0:0:0.0;1-1-1 0:0:0.0;1-1-1 0:0:0.0;1-1-1 0:0:0.0;1-1-1 0:0:0.0;1-1-1 0:0:0.0;]"
49,"FDI_BJ","","T2_BasicEmergency","[229.910559;145.467404;148.674912;162.291329;176.520282;173.291335;175.407486;165.083064;149.253566;139.312421;]","[1.706791;1.736661;1.758672;1.781766;1.806107;1.831772;1.857492;1.882446;1.905556;1.926626;]","[(961.676086;12027.411133);(962.752075;12113.975586);(963.673218;12110.09668);(962.390259;12101.251953);(958.595337;12096.946289);(959.247314;12098.150391);(957.992615;12098.672852);(960.333679;12102.34668);(965.362976;12107.157227);(972.402466;12105.230469);]","[1-1-1 0:0:0.0;1-1-1 0:0:0.0;1-1-1 0:0:0.0;1-1-1 0:0:0.0;1-1-1 0:0:0.0;1-1-1 0:0:0.0;1-1-1 0:0:0.0;1-1-1 0:0:0.0;1-1-1 0:0:0.0;1-1-1 0:0:0.0;]"
50,"FDI_BJ","","T2_BasicEmergency","[137.536452;137.396718;136.373276;137.763678;146.429257;155.810137;157.743718;156.450606;148.548202;149.075543;]","[1.946832;1.966981;1.98744;2.008025;2.028734;2.050955;2.074717;2.098106;2.120742;2.143169;]","[(975.571289;12101.704102);(976.182556;12100.774414);(976.368103;12101.552734);(975.771545;12101.109375);(971.267883;12100.208008);(966.874756;12099.199219);(964.721924;12101.133789);(965.32019;12101.229492);(970.728149;12099.12793);(971.017334;12098.118164);]","[1-1-1 0:0:0.0;1-1-1 0:0:0.0;1-1-1 0:0:0.0;1-1-1 0:0:0.0;1-1-1 0:0:0.0;1-1-1 0:0:0.0;1-1-1 0:0:0.0;1-1-1 0:0:0.0;1-1-1 0:0:0.0;1-1-1 0:0:0.0;]"
51,"FDI_BJ","","T2_BasicEmergency","[156.369719;158.957479;158.441586;157.019131;156.701644;158.694622;159.652664;159.070873;156.718343;152.853957;]","[2.166327;2.189636;2.212945;2.23683;2.260154;2.284458;2.308006;2.331324;2.354633;2.377351;]","[(967.309753;12097.973633);(965.728516;12098.47168);(964.865112;12100.332031);(964.931946;12101.387695);(964.977844;12101.574219);(964.605835;12100.547852);(964.653076;12099.692383);(964.862671;12099.821289);(966.095032;12099.734375);(968.55304;12098.932617);]","[1-1-1 0:0:0.0;1-1-1 0:0:0.0;1-1-1 0:0:0.0;1-1-1 0:0:0.0;1-1-1 0:0:0.0;1-1-1 0:0:0.0;1-1-1 0:0:0.0;1-1-1 0:0:0.0;1-1-1 0:0:0.0;1-1-1 0:0:0.0;]"
52,"FDI_BJ","","T2_BasicEmergency","[147.526582;148.353208;183.941301;210.076102;232.852237;283.293971;304.772768;304.671755;312.889311;339.924221;]","[2.399489;2.421096;2.445001;2.474657;2.506994;2.544147;2.587223;2.63345;2.677273;2.725145;]","[(971.563599;12098.634766);(971.366394;12098.188477);(958.545044;12091.912109);(949.31842;12091.632812);(940.13324;12094.765625);(924.821411;12097.177734);(918.363831;12098.696289);(918.470398;12098.613281);(915.680908;12099.520508);(905.726196;12102.853516);]","[1-1-1 0:0:0.0;1-1-1 0:0:0.0;1-1-1 0:0:0.0;1-1-1 0:0:0.0;1-1-1 0:0:0.0;1-1-1 0:0:0.0;1-1-1 0:0:0.0;1-1-1 0:0:0.0;1-1-1 0:0:0.0;1-1-1 0:0:0.0;]"
53,"FDI_BJ","","T2_BasicEmergency","[340.428785;338.381816;335.54712;316.939295;264.348967;309.492884;335.252633;272.012652;220.922265;211.432581;]","[2.775288;2.825264;2.873992;2.922975;2.965206;3.00742;3.056456;3.102026;3.137498;3.168386;]","[(905.817993;12102.697266);(900.461304;12106.844727);(902.566772;12105.897461);(918.733521;12095.613281);(932.360962;12093.704102);(918.743164;12097.251953);(916.004395;12094.616211);(932.817566;12090.624023);(945.962524;12091.476562);(948.300659;12092.542969);]","[1-1-1 0:0:0.0;1-1-1 0:0:0.0;1-1-1 0:0:0.0;1-1-1 0:0:0.0;1-1-1 0:0:0.0;1-1-1 0:0:0.0;1-1-1 0:0:0.0;1-1-1 0:0:0.0;1-1-1 0:0:0.0;1-1-1 0:0:0.0;]"
54,"FDI_BJ","","T2_BasicEmergency","[206.900752;203.616185;203.247949;123.378822;123.475648;131.960448;141.908274;149.628087;150.077804;149.126504;]","[3.198973;3.228764;3.25789;3.287568;3.306763;3.325405;3.34511;3.366894;3.388796;3.41072;]","[(947.894653;12095.5);(948.876709;12095.742188);(950.084351;12094.089844);(949.97583;11914.582031);(948.41449;11913.326172);(940.830078;11913.618164);(936.359131;11916.84668);(932.877991;11918.899414);(932.957214;11919.21875);(933.901794;11919.375977);]","[1-1-1 0:0:0.0;1-1-1 0:0:0.0;1-1-1 0:0:0.0;1-1-1 0:0:0.0;1-1-1 0:0:0.0;1-1-1 0:0:0.0;1-1-1 0:0:0.0;1-1-1 0:0:0.0;1-1-1 0:0:0.0;1-1-1 0:0:0.0;]"
55,"FDI_BJ","","T2_BasicEmergency","[146.950665;125.92271;124.893132;123.838454;123.911915;130.130677;17.020257;16.939012;5.180865;2.40707;]","[3.433035;3.453583;3.472165;3.490297;3.508262;3.526899;3.533423;3.535938;3.53678;3.537479;]","[(935.683594;11919.446289);(951.279358;11917.810547);(961.52594;11927.066406);(963.537659;11928.316406);(963.809998;11928.689453);(962.981628;11933.363281);(1260.691772;12058.879883);(1261.830322;12056.662109);(1592.929688;12101.128906);(1935.763672;12171.615234);]","[1-1-1 0:0:0.0;1-1-1 0:0:0.0;1-1-1 0:0:0.0;1-1-1 0:0:0.0;1-1-1 0:0:0.0;1-1-1 0:0:0.0;1-1-1 0:0:0.0;1-1-1 0:0:0.0;1-1-1 0:0:0.0;1-1-1 0:0:0.0;]"
56,"FDI_BJ","","T2_BasicEmergency","[2.406327;2.421624;2.427693;2.431411;2.342647;2.308095;2.332136;2.413737;2.450433;2.453797;]","[3.53784;3.538196;3.538555;3.538916;3.53928;3.539622;3.539968;3.540323;3.54068;3.541041;]","[(1936.389526;12168.078125);(1934.002075;12159.116211);(1932.901123;12156.796875);(1932.127197;12156.233398);(1954.096069;12143.5);(1963.232422;12135.196289);(1957.406494;12135.419922);(1937.557129;12143.337891);(1928.386597;12151.665039);(1927.197388;12155.504883);]","[1-1-1 0:0:0.0;1-1-1 0:0:0.0;1-1-1 0:0:0.0;1-1-1 0:0:0.0;1-1-1 0:0:0.0;1-1-1 0:0:0.0;1-1-1 0:0:0.0;1-1-1 0:0:0.0;1-1-1 0:0:0.0;1-1-1 0:0:0.0;]"
57,"FDI_BJ","","T2_BasicEmergency","[2.448642;2.446252;2.44725;2.448827;2.450454;2.455223;2.454811;2.452975;2.436978;2.426723;]","[3.541401;3.541773;3.542132;3.542506;3.54289;3.543253;3.543625;3.543988;3.544358;3.544718;]","[(1928.267334;12156.179688);(1928.809692;12156.107422);(1928.607666;12155.926758);(1928.349243;12155.12207);(1928.10791;12154.071289);(1927.132568;12153.320312);(1927.080444;12154.570312);(1927.542969;12154.098633);(1931.09314;12154.34082);(1933.384277;12154.523438);]","[1-1-1 0:0:0.0;1-1-1 0:0:0.0;1-1-1 0:0:0.0;1-1-1 0:0:0.0;1-1-1 0:0:0.0;1-1-1 0:0:0.0;1-1-1 0:0:0.0;1-1-1 0:0:0.0;1-1-1 0:0:0.0;1-1-1 0:0:0.0;]"
58,"FDI_BJ","","T2_BasicEmergency","[2.432984;2.434495;2.39046;2.330856;2.309803;2.336004;2.460111;2.539156;2.553722;2.548863;]","[3.545091;3.545464;3.545823;3.54617;3.546516;3.546864;3.547216;3.547601;3.547998;3.548394;]","[(1932.191406;12152.592773);(1931.886108;12152.28418);(1942.335327;12148.62793);(1957.2771;12139.90625);(1962.626465;12137.193359);(1956.581299;12134.362305);(1927.76062;12137.327148);(1910.637451;12137.771484);(1907.841309;12135.144531);(1908.949951;12134.225586);]","[1-1-1 0:0:0.0;1-1-1 0:0:0.0;1-1-1 0:0:0.0;1-1-1 0:0:0.0;1-1-1 0:0:0.0;1-1-1 0:0:0.0;1-1-1 0:0:0.0;1-1-1 0:0:0.0;1-1-1 0:0:0.0;1-1-1 0:0:0.0;]"
59,"FDI_BJ","","T2_BasicEmergency","[2.55625;2.534196;2.449344;2.412688;2.400335;2.411866;2.431034;2.435986;2.438305;2.424163;]","[3.548775;3.549151;3.549518;3.54996;3.550409;3.550768;3.551119;3.551476;3.551833;3.552185;]","[(1907.246094;12135.813477);(1911.800659;12136.631836);(1929.359497;12145.007812);(1936.803955;12152.485352);(1939.377686;12154.732422);(1936.796753;12154.203125);(1932.827515;12150.842773);(1931.855347;12149.55957);(1931.479004;12148.244141);(1934.463989;12150.087891);]","[1-1-1 0:0:0.0;1-1-1 0:0:0.0;1-1-1 0:0:0.0;1-1-1 0:0:0.0;1-1-1 0:0:0.0;1-1-1 0:0:0.0;1-1-1 0:0:0.0;1-1-1 0:0:0.0;1-1-1 0:0:0.0;1-1-1 0:0:0.0;]"
60,"FDI_BJ","","T2_BasicEmergency","[2.414393;2.407217;2.384891;2.045657;2.057261;2.068118;2.062593;2.059037;2.069024;2.079341;]","[3.552537;3.552884;3.553236;3.553569;3.553872;3.554171;3.554468;3.554769;3.555071;3.555408;]","[(1936.430664;12152.350586);(1937.852051;12154.267578);(1942.8302;12155.738281);(2030.301514;12162.875977);(2027.383911;12158.751953);(2024.838379;12153.289062);(2026.778442;12149.898438);(2027.79187;12150.025391);(2024.736328;12151.773438);(2021.487305;12154.623047);]","[1-1-1 0:0:0.0;1-1-1 0:0:0.0;1-1-1 0:0:0.0;1-1-1 0:0:0.0;1-1-1 0:0:0.0;1-1-1 0:0:0.0;1-1-1 0:0:0.0;1-1-1 0:0:0.0;1-1-1 0:0:0.0;1-1-1 0:0:0.0;]"
61,"FDI_BJ","","T2_BasicEmergency","[2.078502;2.079527;2.079224;2.082682;2.088607;2.082622;2.079392;2.078893;2.078581;2.076878;]","[3.555829;3.556143;3.556461;3.556779;3.557092;3.557399;3.557706;3.558012;3.558332;3.558635;]","[(2020.904541;12162.120117);(2020.437866;12163.658203);(2020.630737;12162.720703);(2019.79126;12161.435547);(2018.197998;12160.649414);(2019.72168;12162.204102);(2020.622925;12162.368164);(2020.839844;12161.704102);(2021.036987;12160.741211);(2021.468506;12161.227539);]","[1-1-1 0:0:0.0;1-1-1 0:0:0.0;1-1-1 0:0:0.0;1-1-1 0:0:0.0;1-1-1 0:0:0.0;1-1-1 0:0:0.0;1-1-1 0:0:0.0;1-1-1 0:0:0.0;1-1-1 0:0:0.0;1-1-1 0:0:0.0;]"
62,"FDI_BJ","","T2_BasicEmergency","[2.077282;2.07514;2.073004;2.068194;2.069132;2.078506;2.069226;2.065666;2.072294;2.072774;]","[3.558958;3.559267;3.559575;3.559888;3.560194;3.560515;3.56082;3.561136;3.561439;3.561746;]","[(2021.331909;12161.416016);(2022.023804;12160.704102);(2022.775024;12159.441406);(2024.112061;12159.826172);(2023.913208;12159.1875);(2021.93103;12152.671875);(2025.223145;12146.398438);(2026.352661;12145.307617);(2024.458618;12145.238281);(2024.298218;12145.474609);]","[1-1-1 0:0:0.0;1-1-1 0:0:0.0;1-1-1 0:0:0.0;1-1-1 0:0:0.0;1-1-1 0:0:0.0;1-1-1 0:0:0.0;1-1-1 0:0:0.0;1-1-1 0:0:0.0;1-1-1 0:0:0.0;1-1-1 0:0:0.0;]"
63,"FDI_BJ","","T2_BasicEmergency","[2.081664;2.102659;2.136267;2.150841;2.775574;2.771439;2.721897;2.629586;2.609602;2.275775;]","[3.562068;3.562392;3.56272;3.563036;3.563402;3.563819;3.564231;3.564629;3.565013;3.565369;]","[(2021.563721;12147.486328);(2015.452759;12149.335938);(2005.691895;12153.707031);(2001.656128;12154.34375);(1869.318115;12002.755859);(1870.085083;12002.993164);(1879.246094;11999.841797);(1897.327759;12005.833984);(1901.40564;12009.259766);(1975.545776;11994.532227);]","[1-1-1 0:0:0.0;1-1-1 0:0:0.0;1-1-1 0:0:0.0;1-1-1 0:0:0.0;1-1-1 0:0:0.0;1-1-1 0:0:0.0;1-1-1 0:0:0.0;1-1-1 0:0:0.0;1-1-1 0:0:0.0;1-1-1 0:0:0.0;]"
64,"FDI_BJ","","T2_BasicEmergency","[2.389066;2.449285;2.42566;2.428611;2.480467;2.792246;2.790384;2.813507;2.81601;2.80758;]","[3.565727;3.566115;3.566491;3.566853;3.567215;3.567626;3.568041;3.568472;3.568901;3.569321;]","[(1948.483154;11993.825195);(1935.216431;12005.954102);(1940.57373;12010.042969);(1939.999634;12015.703125);(1928.637573;12030.950195);(1866.625122;12034.05957);(1866.958252;12035.362305);(1862.747559;12038.657227);(1862.280884;12040.387695);(1863.805054;12039.859375);]","[1-1-1 0:0:0.0;1-1-1 0:0:0.0;1-1-1 0:0:0.0;1-1-1 0:0:0.0;1-1-1 0:0:0.0;1-1-1 0:0:0.0;1-1-1 0:0:0.0;1-1-1 0:0:0.0;1-1-1 0:0:0.0;1-1-1 0:0:0.0;]"
65,"FDI_BJ","","T2_BasicEmergency","[2.806645;2.8033;2.806012;2.81197;2.817641;2.822125;2.826953;2.832886;2.829719;2.82215;]","[3.56974;3.570159;3.570583;3.571018;3.571455;3.571869;3.57229;3.572702;3.573127;3.573544;]","[(1863.967896;12040.467773);(1864.573364;12040.407227);(1864.092773;12039.384766);(1863.021606;12038.955078);(1861.995728;12039.59668);(1861.179077;12040.811523);(1860.306519;12041.574219);(1859.238281;12042.389648);(1859.797729;12042.814453);(1861.189819;12039.27832);]","[1-1-1 0:0:0.0;1-1-1 0:0:0.0;1-1-1 0:0:0.0;1-1-1 0:0:0.0;1-1-1 0:0:0.0;1-1-1 0:0:0.0;1-1-1 0:0:0.0;1-1-1 0:0:0.0;1-1-1 0:0:0.0;1-1-1 0:0:0.0;]"
66,"FDI_BJ","","T2_BasicEmergency","[2.81418;2.808567;2.743216;2.632957;2.631507;2.640723;2.726567;2.740919;2.726371;2.672404;]","[3.573961;3.574373;3.574793;3.575188;3.575575;3.575963;3.576359;3.576771;3.577215;3.577615;]","[(1862.640503;12036.799805);(1863.667725;12033.808594);(1875.534058;12012.777344);(1896.789673;12012.520508);(1897.132324;12016.152344);(1895.250854;12012.644531);(1878.524902;12005.969727);(1875.88623;12008.645508);(1878.620361;12008.614258);(1888.963623;12008.811523);]","[1-1-1 0:0:0.0;1-1-1 0:0:0.0;1-1-1 0:0:0.0;1-1-1 0:0:0.0;1-1-1 0:0:0.0;1-1-1 0:0:0.0;1-1-1 0:0:0.0;1-1-1 0:0:0.0;1-1-1 0:0:0.0;1-1-1 0:0:0.0;]"
67,"FDI_BJ","","T2_BasicEmergency","[2.651322;2.588066;2.559801;1.11651;1.118095;0.64512;0.646189;0.649428;0.590341;0.590589;]","[3.578021;3.578423;3.578805;3.57915;3.579332;3.579466;3.579582;3.579699;3.579802;3.579897;]","[(1893.190308;12014.65625);(1905.949097;12022.365234);(1911.765259;12022.626953);(2452.786133;12156.133789);(2451.665283;12155.842773);(2952.476807;12260.636719);(2951.101074;12257.095703);(2946.052246;12254.709961);(3059.354004;11943.554688);(3058.921143;11944.368164);]","[1-1-1 0:0:0.0;1-1-1 0:0:0.0;1-1-1 0:0:0.0;1-1-1 0:0:0.0;1-1-1 0:0:0.0;1-1-1 0:0:0.0;1-1-1 0:0:0.0;1-1-1 0:0:0.0;1-1-1 0:0:0.0;1-1-1 0:0:0.0;]"
68,"FDI_BJ","","T2_BasicEmergency","[0.588496;0.584681;0.594438;0.599595;0.600169;0.600111;0.600611;0.601118;0.600872;0.598639;]","[3.57999;3.58011;3.580196;3.580285;3.580373;3.580463;3.580553;3.580642;3.580731;3.580821;]","[(3062.953369;11947.025391);(3070.586182;11958.994141);(3053.179932;12061.977539);(3043.799561;12052.708008);(3042.733887;12054.086914);(3042.822021;12055.703125);(3041.89502;12056.833984);(3040.95459;12058.073242);(3041.403076;12058.146484);(3045.464844;12059.762695);]","[1-1-1 0:0:0.0;1-1-1 0:0:0.0;1-1-1 0:0:0.0;1-1-1 0:0:0.0;1-1-1 0:0:0.0;1-1-1 0:0:0.0;1-1-1 0:0:0.0;1-1-1 0:0:0.0;1-1-1 0:0:0.0;1-1-1 0:0:0.0;]"
69,"FDI_BJ","","T2_BasicEmergency","[0.595967;0.599944;0.602082;0.601639;0.601416;0.601519;0.601363;0.601463;0.601271;0.601155;]","[3.58091;3.581001;3.581089;3.58118;3.581266;3.581355;3.581446;3.581534;3.581623;3.581711;]","[(3050.307129;12064.87793);(3043.072754;12060.060547);(3039.172607;12060.183594);(3039.992676;12059.163086);(3040.420166;12057.516602);(3040.23291;12057.483398);(3040.489746;12059.496094);(3040.291748;12060.669922);(3040.641602;12060.640625);(3040.86084;12060.069336);]","[1-1-1 0:0:0.0;1-1-1 0:0:0.0;1-1-1 0:0:0.0;1-1-1 0:0:0.0;1-1-1 0:0:0.0;1-1-1 0:0:0.0;1-1-1 0:0:0.0;1-1-1 0:0:0.0;1-1-1 0:0:0.0;1-1-1 0:0:0.0;]"
70,"FDI_BJ","","T2_BasicEmergency","[0.601159;0.601198;0.601536;0.60125;0.601094;0.601076;0.600869;0.600863;0.600975;0.600743;]","[3.581803;3.581895;3.581983;3.582073;3.582161;3.582249;3.582336;3.582426;3.582513;3.582602;]","[(3040.868408;12058.980469);(3040.814209;12057.773438);(3040.207275;12057.088867);(3040.733398;12056.508789);(3041.018555;12056.452148);(3041.057129;12056.056641);(3041.436523;12055.845703);(3041.441162;12056.386719);(3041.231201;12056.867188);(3041.634766;12058.382812);]","[1-1-1 0:0:0.0;1-1-1 0:0:0.0;1-1-1 0:0:0.0;1-1-1 0:0:0.0;1-1-1 0:0:0.0;1-1-1 0:0:0.0;1-1-1 0:0:0.0;1-1-1 0:0:0.0;1-1-1 0:0:0.0;1-1-1 0:0:0.0;]"
71,"FDI_BJ","","T2_BasicEmergency","[0.600385;0.600323;0.600386;0.600579;0.600649;0.600438;0.600236;0.600106;0.599957;0.600079;]","[3.582692;3.582781;3.582867;3.582956;3.583046;3.583132;3.583221;3.583311;3.583398;3.583484;]","[(3042.275146;12059.416016);(3042.381592;12059.972656);(3042.276611;12059.203125);(3041.931152;12058.594727);(3041.815918;12057.728516);(3042.210938;12056.826172);(3042.591797;12055.8125);(3042.83374;12055.472656);(3043.10498;12055.674805);(3042.874756;12056.282227);]","[1-1-1 0:0:0.0;1-1-1 0:0:0.0;1-1-1 0:0:0.0;1-1-1 0:0:0.0;1-1-1 0:0:0.0;1-1-1 0:0:0.0;1-1-1 0:0:0.0;1-1-1 0:0:0.0;1-1-1 0:0:0.0;1-1-1 0:0:0.0;]"
72,"FDI_BJ","","T2_BasicEmergency","[0.599998;0.600138;0.600263;0.600081;0.599878;0.599932;0.600321;0.600435;0.600508;0.600489;]","[3.583574;3.583662;3.583751;3.583838;3.583925;3.584014;3.5841;3.584187;3.584274;3.584364;]","[(3043.022949;12056.164062);(3042.773438;12055.697266);(3042.539307;12056.128906);(3042.86499;12056.743164);(3043.229736;12057.209961);(3043.138916;12056.637695);(3042.431885;12056.302734);(3042.222412;12056.337891);(3042.093018;12056.012695);(3042.125244;12056.254883);]","[1-1-1 0:0:0.0;1-1-1 0:0:0.0;1-1-1 0:0:0.0;1-1-1 0:0:0.0;1-1-1 0:0:0.0;1-1-1 0:0:0.0;1-1-1 0:0:0.0;1-1-1 0:0:0.0;1-1-1 0:0:0.0;1-1-1 0:0:0.0;]"
73,"FDI_BJ","","T2_BasicEmergency","[0.600318;0.599793;0.598643;0.596417;0.597811;0.601107;0.602009;0.601929;0.601925;0.601488;]","[3.584455;3.584544;3.584631;3.584717;3.584802;3.58489;3.584978;3.585068;3.585159;3.585248;]","[(3042.424316;12057.358398);(3043.383301;12057.318359);(3045.484131;12057.853516);(3049.536865;12060.936523);(3047.005127;12058.382812);(3041.002197;12055.926758);(3039.358154;12056.004883);(3039.512451;12055.245117);(3039.5354;12053.952148);(3040.332275;12053.782227);]","[1-1-1 0:0:0.0;1-1-1 0:0:0.0;1-1-1 0:0:0.0;1-1-1 0:0:0.0;1-1-1 0:0:0.0;1-1-1 0:0:0.0;1-1-1 0:0:0.0;1-1-1 0:0:0.0;1-1-1 0:0:0.0;1-1-1 0:0:0.0;]"
74,"FDI_BJ","","T2_BasicEmergency","[0.600686;0.600429;0.600615;0.600727;0.600907;0.601002;0.600887;0.600858;0.600583;0.596235;]","[3.585339;3.585434;3.585522;3.585612;3.585701;3.585791;3.585881;3.585972;3.586062;3.586153;]","[(3041.783691;12054.668945);(3042.241455;12055.748047);(3041.906494;12055.374023);(3041.706787;12054.833984);(3041.395264;12053.390625);(3041.235352;12052.024414);(3041.455078;12051.174805);(3041.496582;12052.277344);(3041.983154;12053.6875);(3049.857666;12061.972656);]","[1-1-1 0:0:0.0;1-1-1 0:0:0.0;1-1-1 0:0:0.0;1-1-1 0:0:0.0;1-1-1 0:0:0.0;1-1-1 0:0:0.0;1-1-1 0:0:0.0;1-1-1 0:0:0.0;1-1-1 0:0:0.0;1-1-1 0:0:0.0;]"
75,"FDI_BJ","","T2_BasicEmergency","[0.59567;0.595673;0.595366;0.594889;0.595194;0.595191;0.595202;0.593884;0.594114;0.601171;]","[3.586242;3.586333;3.586423;3.58651;3.586599;3.586689;3.586777;3.586867;3.586954;3.587046;]","[(3050.832275;12066.326172);(3050.841064;12065.475586);(3051.425781;12064.423828);(3052.286865;12065.786133);(3051.713623;12066.279297);(3051.712646;12066.711914);(3051.700928;12066.137695);(3054.013672;12073.333008);(3053.671875;12068.74707);(3040.905029;12054.185547);]","[1-1-1 0:0:0.0;1-1-1 0:0:0.0;1-1-1 0:0:0.0;1-1-1 0:0:0.0;1-1-1 0:0:0.0;1-1-1 0:0:0.0;1-1-1 0:0:0.0;1-1-1 0:0:0.0;1-1-1 0:0:0.0;1-1-1 0:0:0.0;]"
76,"FDI_BJ","","T2_BasicEmergency","[0.603976;0.603844;0.603691;0.603414;0.604286;0.609578;0.611432;0.609289;0.604166;0.601781;]","[3.587137;3.587226;3.587314;3.587401;3.587489;3.587578;3.587671;3.587763;3.587856;3.587946;]","[(3035.844482;12050.893555);(3036.085205;12050.728516);(3036.354736;12051.610352);(3036.846924;12052.535156);(3035.248047;12054.323242);(3025.661377;12060.642578);(3022.228516;12068.838867);(3026.095459;12065.986328);(3035.388428;12060.461914);(3039.740967;12058.541016);]","[1-1-1 0:0:0.0;1-1-1 0:0:0.0;1-1-1 0:0:0.0;1-1-1 0:0:0.0;1-1-1 0:0:0.0;1-1-1 0:0:0.0;1-1-1 0:0:0.0;1-1-1 0:0:0.0;1-1-1 0:0:0.0;1-1-1 0:0:0.0;]"
77,"FDI_BJ","","T2_BasicEmergency","[0.600879;0.600338;0.600187;0.599816;0.599532;0.599771;0.600411;0.600222;0.600225;0.600748;]","[3.588037;3.588127;3.588217;3.588305;3.588391;3.588481;3.588569;3.588657;3.588746;3.588835;]","[(3041.408691;12056.610352);(3042.415039;12055.071289);(3042.691162;12055.03125);(3043.378662;12054.206055);(3043.902344;12053.848633);(3043.462402;12054.083984);(3042.282715;12055.022461);(3042.617676;12055.803711);(3042.602783;12056.619141);(3041.633057;12057.880859);]","[1-1-1 0:0:0.0;1-1-1 0:0:0.0;1-1-1 0:0:0.0;1-1-1 0:0:0.0;1-1-1 0:0:0.0;1-1-1 0:0:0.0;1-1-1 0:0:0.0;1-1-1 0:0:0.0;1-1-1 0:0:0.0;1-1-1 0:0:0.0;]"
78,"FDI_BJ","","T2_BasicEmergency","[0.600095;0.599704;0.599924;0.600305;0.600568;0.600762;0.600434;0.599959;0.599891;0.599791;]","[3.588923;3.589009;3.589098;3.589186;3.589273;3.589365;3.589455;3.589545;3.589635;3.589722;]","[(3042.813477;12058.822266);(3043.523438;12059.128906);(3043.128662;12058.557617);(3042.452637;12056.994141);(3041.991455;12055.356445);(3041.65625;12053.745117);(3042.256592;12053.614258);(3043.110352;12054.795898);(3043.229736;12055.178711);(3043.414795;12055.038086);]","[1-1-1 0:0:0.0;1-1-1 0:0:0.0;1-1-1 0:0:0.0;1-1-1 0:0:0.0;1-1-1 0:0:0.0;1-1-1 0:0:0.0;1-1-1 0:0:0.0;1-1-1 0:0:0.0;1-1-1 0:0:0.0;1-1-1 0:0:0.0;]"
79,"FDI_BJ","","T2_BasicEmergency","[0.599887;0.599739;0.599696;0.599735;0.599591;0.599421;0.599079;0.599075;0.598956;0.596151;]","[3.589813;3.589903;3.589991;3.590078;3.590165;3.590255;3.590345;3.590431;3.590518;3.590608;]","[(3043.243408;12054.668945);(3043.515869;12054.456055);(3043.588135;12055.089844);(3043.510986;12055.536133);(3043.764893;12056.34668);(3044.059814;12057.641602);(3044.674805;12058.519531);(3044.689453;12057.94043);(3044.92627;12056.460938);(3050.083984;12056.545898);]","[1-1-1 0:0:0.0;1-1-1 0:0:0.0;1-1-1 0:0:0.0;1-1-1 0:0:0.0;1-1-1 0:0:0.0;1-1-1 0:0:0.0;1-1-1 0:0:0.0;1-1-1 0:0:0.0;1-1-1 0:0:0.0;1-1-1 0:0:0.0;]"
80,"FDI_BJ","","T2_BasicEmergency","[0.594107;0.593879;0.497244;0.49834;0.505949;0.505183;0.502674;0.504082;0.705185;0.697338;]","[3.590697;3.590786;3.590867;3.590941;3.591015;3.591092;3.591167;3.591244;3.591348;3.591459;]","[(3053.817871;12060.257812);(3054.207764;12062.69043);(3254.211426;12184.219727);(3251.891846;12178.901367);(3234.108398;12172.078125);(3235.093018;12185.359375);(3240.685791;12191.083984);(3237.556396;12187.674805);(2869.733643;12145.018555);(2881.585205;12136.171875);]","[1-1-1 0:0:0.0;1-1-1 0:0:0.0;1-1-1 0:0:0.0;1-1-1 0:0:0.0;1-1-1 0:0:0.0;1-1-1 0:0:0.0;1-1-1 0:0:0.0;1-1-1 0:0:0.0;1-1-1 0:0:0.0;1-1-1 0:0:0.0;]"
81,"FDI_BJ","","T2_BasicEmergency","[0.693834;0.695634;0.695292;0.694856;0.695278;0.694928;0.691425;0.690665;0.603339;0.606348;]","[3.591566;3.591669;3.591773;3.591875;3.591977;3.59208;3.592185;3.592291;3.592385;3.592472;]","[(2886.320801;12143.616211);(2883.613525;12144.714844);(2884.099365;12144.995117);(2884.681396;12146.030273);(2884.061768;12146.018555);(2884.58667;12145.830078);(2889.725342;12146.289062);(2890.813965;12146.931641);(3031.365479;12188.254883);(3025.957764;12187.713867);]","[1-1-1 0:0:0.0;1-1-1 0:0:0.0;1-1-1 0:0:0.0;1-1-1 0:0:0.0;1-1-1 0:0:0.0;1-1-1 0:0:0.0;1-1-1 0:0:0.0;1-1-1 0:0:0.0;1-1-1 0:0:0.0;1-1-1 0:0:0.0;]"
82,"FDI_BJ","","T2_BasicEmergency","[0.607212;0.607625;0.607702;0.607825;0.608934;0.612141;0.611459;0.611147;0.618512;0.622468;]","[3.592561;3.592653;3.592743;3.592833;3.592922;3.593014;3.593104;3.593194;3.593286;3.593378;]","[(3024.382812;12187.960938);(3023.603516;12188.457031);(3023.431641;12188.915039);(3023.321289;12187.397461);(3021.518066;12184.771484);(3016.026367;12181.492188);(3017.138916;12182.916016);(3018.027588;12178.139648);(3005.267822;12174.484375);(2997.679199;12184.509766);]","[1-1-1 0:0:0.0;1-1-1 0:0:0.0;1-1-1 0:0:0.0;1-1-1 0:0:0.0;1-1-1 0:0:0.0;1-1-1 0:0:0.0;1-1-1 0:0:0.0;1-1-1 0:0:0.0;1-1-1 0:0:0.0;1-1-1 0:0:0.0;]"
83,"FDI_BJ","","T2_BasicEmergency","[0.620941;0.619759;0.616967;0.617634;0.618723;0.615636;0.605093;0.605149;0.603985;0.602622;]","[3.593471;3.593564;3.593659;3.59375;3.593841;3.593932;3.594026;3.594116;3.594205;3.594298;]","[(2999.827393;12191.379883);(3001.524414;12196.168945);(3005.847656;12203.378906);(3004.813721;12201.661133);(3003.671143;12191.758789);(3009.722656;12183.139648);(3028.375488;12185.606445);(3027.60498;12194.71875);(3029.203125;12201.333008);(3031.884766;12198.730469);]","[1-1-1 0:0:0.0;1-1-1 0:0:0.0;1-1-1 0:0:0.0;1-1-1 0:0:0.0;1-1-1 0:0:0.0;1-1-1 0:0:0.0;1-1-1 0:0:0.0;1-1-1 0:0:0.0;1-1-1 0:0:0.0;1-1-1 0:0:0.0;]"
84,"FDI_BJ","","T2_BasicEmergency","[0.602516;0.591389;0.593957;0.598722;0.600281;0.600516;0.601747;0.6008;0.600181;0.60036;]","[3.594391;3.594479;3.594565;3.594653;3.594743;3.59483;3.594918;3.595006;3.595095;3.595184;]","[(3032.418945;12194.269531);(3045.057617;12278.546875);(3041.524902;12267.009766);(3032.785156;12266.081055);(3029.660645;12268.420898);(3029.192383;12268.763672);(3027.00293;12268.148438);(3028.626221;12269.163086);(3029.639648;12270.290039);(3029.264404;12270.717773);]","[1-1-1 0:0:0.0;1-1-1 0:0:0.0;1-1-1 0:0:0.0;1-1-1 0:0:0.0;1-1-1 0:0:0.0;1-1-1 0:0:0.0;1-1-1 0:0:0.0;1-1-1 0:0:0.0;1-1-1 0:0:0.0;1-1-1 0:0:0.0;]"
85,"FDI_BJ","","T2_BasicEmergency","[0.574093;0.574441;0.5745;0.574013;0.574137;0.570226;0.569122;0.570542;0.608223;0.610224;]","[3.595269;3.595354;3.595438;3.595525;3.595611;3.595695;3.59578;3.595865;3.595952;3.596043;]","[(3089.54834;11922.731445);(3088.834473;11922.015625);(3088.71582;11921.946289);(3089.637695;11921.359375);(3089.366943;11920.745117);(3097.210693;11924.092773);(3099.930176;11936.152344);(3097.303711;11940.568359);(3026.637939;12115.050781);(3023.458252;12104.241211);]","[1-1-1 0:0:0.0;1-1-1 0:0:0.0;1-1-1 0:0:0.0;1-1-1 0:0:0.0;1-1-1 0:0:0.0;1-1-1 0:0:0.0;1-1-1 0:0:0.0;1-1-1 0:0:0.0;1-1-1 0:0:0.0;1-1-1 0:0:0.0;]"
86,"FDI_BJ","","T2_BasicEmergency","[0.614759;0.615057;0.614626;0.614501;0.61411;0.613817;0.613781;0.613797;0.613774;0.61377;]","[3.596135;3.596228;3.596318;3.596409;3.596501;3.596591;3.59668;3.596769;3.596859;3.59695;]","[(3015.554688;12100.083984);(3014.978271;12101.639648);(3015.685791;12103.206055);(3015.855469;12104.697266);(3016.508301;12105.774414);(3017.030762;12105.657227);(3017.140625;12104.334961);(3017.114502;12104.251953);(3017.135742;12104.794922);(3017.136719;12104.97168);]","[1-1-1 0:0:0.0;1-1-1 0:0:0.0;1-1-1 0:0:0.0;1-1-1 0:0:0.0;1-1-1 0:0:0.0;1-1-1 0:0:0.0;1-1-1 0:0:0.0;1-1-1 0:0:0.0;1-1-1 0:0:0.0;1-1-1 0:0:0.0;]"
87,"FDI_BJ","","T2_BasicEmergency","[0.613784;0.613764;0.6137;0.613671;0.613429;0.612317;0.608143;0.607357;0.608749;0.60946;]","[3.597042;3.597133;3.597223;3.597313;3.597404;3.597496;3.597587;3.597677;3.597765;3.597854;]","[(3017.136475;12104.308594);(3017.209717;12103.193359);(3017.365723;12101.892578);(3017.431396;12101.427734);(3017.857178;12101.532227);(3019.776855;12103.0);(3027.044922;12108.021484);(3028.263428;12113.219727);(3025.759766;12113.425781);(3024.52124;12112.581055);]","[1-1-1 0:0:0.0;1-1-1 0:0:0.0;1-1-1 0:0:0.0;1-1-1 0:0:0.0;1-1-1 0:0:0.0;1-1-1 0:0:0.0;1-1-1 0:0:0.0;1-1-1 0:0:0.0;1-1-1 0:0:0.0;1-1-1 0:0:0.0;]"
88,"FDI_BJ","","T2_BasicEmergency","[0.608822;0.608693;0.608997;0.609319;0.607856;0.539961;0.541928;0.543493;0.543899;0.543974;]","[3.597943;3.598033;3.59812;3.59821;3.598298;3.598381;3.598462;3.598543;3.598621;3.598702;]","[(3025.5625;12115.149414);(3025.73999;12116.478516);(3025.249512;12115.138672);(3024.825195;12111.182617);(3027.395752;12112.479492);(3158.563721;12154.064453);(3154.367676;12153.882812);(3150.977783;12154.979492);(3150.067871;12155.864258);(3149.889404;12156.236328);]","[1-1-1 0:0:0.0;1-1-1 0:0:0.0;1-1-1 0:0:0.0;1-1-1 0:0:0.0;1-1-1 0:0:0.0;1-1-1 0:0:0.0;1-1-1 0:0:0.0;1-1-1 0:0:0.0;1-1-1 0:0:0.0;1-1-1 0:0:0.0;]"
89,"FDI_BJ","","T2_BasicEmergency","[0.543843;0.543582;0.543651;0.543822;0.546153;0.549166;0.550649;0.550614;0.552477;0.553186;]","[3.598784;3.598864;3.598947;3.599029;3.59911;3.599191;3.599272;3.599354;3.599436;3.599516;]","[(3150.146973;12156.606445);(3150.689697;12156.787109);(3150.556641;12156.567383);(3150.227295;12155.938477);(3145.768311;12147.068359);(3139.734619;12141.271484);(3136.720703;12139.650391);(3136.776855;12139.982422);(3132.62793;12145.670898);(3130.897461;12150.754883);]","[1-1-1 0:0:0.0;1-1-1 0:0:0.0;1-1-1 0:0:0.0;1-1-1 0:0:0.0;1-1-1 0:0:0.0;1-1-1 0:0:0.0;1-1-1 0:0:0.0;1-1-1 0:0:0.0;1-1-1 0:0:0.0;1-1-1 0:0:0.0;]"
90,"FDI_BJ","","T2_BasicEmergency","[0.552656;0.552055;0.549855;0.548664;0.578097;0.577918;0.578037;0.577565;0.576743;0.576564;]","[3.599601;3.599686;3.599768;3.599849;3.599934;3.60002;3.600104;3.600189;3.600273;3.600357;]","[(3132.12915;12148.196289);(3133.450439;12146.679688);(3138.230225;12142.619141);(3140.727295;12142.454102);(3083.93042;11987.370117);(3084.24292;11985.589844);(3083.986328;11984.352539);(3084.956055;11987.199219);(3086.593018;11989.548828);(3086.947266;11989.97168);]","[1-1-1 0:0:0.0;1-1-1 0:0:0.0;1-1-1 0:0:0.0;1-1-1 0:0:0.0;1-1-1 0:0:0.0;1-1-1 0:0:0.0;1-1-1 0:0:0.0;1-1-1 0:0:0.0;1-1-1 0:0:0.0;1-1-1 0:0:0.0;]"
91,"FDI_BJ","","T2_BasicEmergency","[0.57665;0.57607;0.575764;0.576036;0.576324;0.576265;0.576242;0.576361;0.575685;0.576378;]","[3.60044;3.600524;3.600607;3.600692;3.600779;3.600865;3.600951;3.601037;3.601121;3.601208;]","[(3086.773193;11989.532227);(3087.861816;11987.568359);(3088.397461;11984.550781);(3087.836182;11982.948242);(3087.292236;11983.693359);(3087.433594;11985.014648);(3087.520264;11987.146484);(3087.330811;11989.363281);(3088.6604;11990.264648);(3087.290283;11988.917969);]","[1-1-1 0:0:0.0;1-1-1 0:0:0.0;1-1-1 0:0:0.0;1-1-1 0:0:0.0;1-1-1 0:0:0.0;1-1-1 0:0:0.0;1-1-1 0:0:0.0;1-1-1 0:0:0.0;1-1-1 0:0:0.0;1-1-1 0:0:0.0;]"
92,"FDI_BJ","","T2_BasicEmergency","[0.57687;0.577681;0.578259;0.578767;0.578667;0.578071;0.577936;0.578195;0.578063;0.577375;]","[3.601295;3.601381;3.601467;3.601555;3.601644;3.601728;3.601813;3.601899;3.60199;3.602074;]","[(3086.324219;11988.342773);(3084.760742;11988.745117);(3083.650879;11989.149414);(3082.680176;11989.705078);(3082.879395;11990.023438);(3084.037354;11990.469727);(3084.306396;11990.90918);(3083.813232;11991.263672);(3084.062012;11990.990234);(3085.386719;11990.636719);]","[1-1-1 0:0:0.0;1-1-1 0:0:0.0;1-1-1 0:0:0.0;1-1-1 0:0:0.0;1-1-1 0:0:0.0;1-1-1 0:0:0.0;1-1-1 0:0:0.0;1-1-1 0:0:0.0;1-1-1 0:0:0.0;1-1-1 0:0:0.0;]"
93,"FDI_BJ","","T2_BasicEmergency","[0.576477;0.576025;0.576341;0.57649;0.575938;0.574957;0.573948;0.573357;0.573678;0.57399;]","[3.60216;3.602244;3.60233;3.602415;3.602502;3.602586;3.602671;3.602755;3.602839;3.602925;]","[(3087.127197;11990.542969);(3087.995117;11989.977539);(3087.368164;11989.293945);(3087.058105;11988.151367);(3088.097412;11986.387695);(3089.978027;11984.990234);(3091.905518;11982.942383);(3093.031006;11981.560547);(3092.407227;11981.788086);(3091.83667;11983.62207);]","[1-1-1 0:0:0.0;1-1-1 0:0:0.0;1-1-1 0:0:0.0;1-1-1 0:0:0.0;1-1-1 0:0:0.0;1-1-1 0:0:0.0;1-1-1 0:0:0.0;1-1-1 0:0:0.0;1-1-1 0:0:0.0;1-1-1 0:0:0.0;]"
94,"FDI_BJ","","T2_BasicEmergency","[0.573618;0.57329;0.572979;0.573347;0.574074;0.573874;0.573307;0.573816;0.57456;0.574859;]","[3.60301;3.603094;3.603179;3.603264;3.603348;3.603434;3.603517;3.603601;3.603688;3.603772;]","[(3092.605469;11985.691406);(3093.261963;11986.376953);(3093.891846;11987.463867);(3093.168945;11987.350586);(3091.743408;11987.121094);(3092.127686;11986.799805);(3093.229004;11986.454102);(3092.237305;11986.634766);(3090.795166;11987.208984);(3090.216553;11987.376953);]","[1-1-1 0:0:0.0;1-1-1 0:0:0.0;1-1-1 0:0:0.0;1-1-1 0:0:0.0;1-1-1 0:0:0.0;1-1-1 0:0:0.0;1-1-1 0:0:0.0;1-1-1 0:0:0.0;1-1-1 0:0:0.0;1-1-1 0:0:0.0;]"
95,"FDI_BJ","","T2_BasicEmergency","[0.574937;0.574776;0.574723;0.574734;0.574808;0.574887;0.574762;0.574238;0.573791;0.573723;]","[3.603857;3.603941;3.604027;3.604111;3.604194;3.604279;3.604367;3.604454;3.60454;3.604625;]","[(3090.063232;11987.31543);(3090.362793;11986.641602);(3090.450928;11985.873047);(3090.41748;11985.274414);(3090.271484;11985.12207);(3090.12085;11985.332031);(3090.379883;11986.061523);(3091.43335;11987.677734);(3092.319336;11988.395508);(3092.449951;11988.201172);]","[1-1-1 0:0:0.0;1-1-1 0:0:0.0;1-1-1 0:0:0.0;1-1-1 0:0:0.0;1-1-1 0:0:0.0;1-1-1 0:0:0.0;1-1-1 0:0:0.0;1-1-1 0:0:0.0;1-1-1 0:0:0.0;1-1-1 0:0:0.0;]"
96,"FDI_BJ","","T2_BasicEmergency","[0.5736;0.573618;0.573536;0.573362;0.573422;0.573553;0.57364;0.57383;0.573336;0.573025;]","[3.604708;3.604793;3.604879;3.604963;3.605047;3.605132;3.605215;3.605302;3.605389;3.605475;]","[(3092.679932;11987.663086);(3092.64209;11987.594727);(3092.788818;11986.798828);(3093.116943;11986.188477);(3092.978271;11985.091797);(3092.705078;11984.30957);(3092.531982;11984.144531);(3092.164551;11984.37793);(3093.151123;11985.318359);(3093.761475;11985.420898);]","[1-1-1 0:0:0.0;1-1-1 0:0:0.0;1-1-1 0:0:0.0;1-1-1 0:0:0.0;1-1-1 0:0:0.0;1-1-1 0:0:0.0;1-1-1 0:0:0.0;1-1-1 0:0:0.0;1-1-1 0:0:0.0;1-1-1 0:0:0.0;]"
97,"FDI_BJ","","T2_BasicEmergency","[0.573187;0.573645;0.573818;0.574239;0.573717;0.569646;0.568784;0.569537;0.569924;0.569816;]","[3.605559;3.605647;3.605734;3.605822;3.605906;3.60599;3.606074;3.606158;3.606242;3.606327;]","[(3093.436035;11985.006836);(3092.518799;11983.96875);(3092.140869;11982.103516);(3091.280762;11980.31543);(3092.311279;11980.853516);(3100.463135;11988.288086);(3102.362061;12000.489258);(3100.917969;12004.226562);(3100.122803;12001.599609);(3100.323975;12000.691406);]","[1-1-1 0:0:0.0;1-1-1 0:0:0.0;1-1-1 0:0:0.0;1-1-1 0:0:0.0;1-1-1 0:0:0.0;1-1-1 0:0:0.0;1-1-1 0:0:0.0;1-1-1 0:0:0.0;1-1-1 0:0:0.0;1-1-1 0:0:0.0;]"
98,"FDI_BJ","","T2_BasicEmergency","[0.574578;0.576584;0.576119;0.577485;0.578345;0.578609;0.578403;0.578237;0.578156;0.578296;]","[3.606412;3.606496;3.606583;3.606668;3.606753;3.606839;3.606927;3.607011;3.607097;3.607184;]","[(3090.796143;11989.136719);(3086.887207;11988.790039);(3087.807861;11989.708984);(3085.192139;11991.611328);(3083.561035;11993.530273);(3083.071533;11994.791992);(3083.481201;11995.649414);(3083.810303;11996.163086);(3083.964844;11996.013672);(3083.68335;11995.243164);]","[1-1-1 0:0:0.0;1-1-1 0:0:0.0;1-1-1 0:0:0.0;1-1-1 0:0:0.0;1-1-1 0:0:0.0;1-1-1 0:0:0.0;1-1-1 0:0:0.0;1-1-1 0:0:0.0;1-1-1 0:0:0.0;1-1-1 0:0:0.0;]"
99,"FDI_BJ","","T2_BasicEmergency","[0.578523;0.578407;0.578575;0.578922;0.578923;0.578782;0.578952;0.57907;0.579326;0.5794;]","[3.607268;3.607355;3.60744;3.607528;3.607619;3.607706;3.607795;3.607886;3.607972;3.60806;]","[(3083.223389;11993.983398);(3083.432617;11993.004883);(3083.089111;11991.855469);(3082.411865;11991.462891);(3082.413086;11991.65332);(3082.672607;11990.865234);(3082.310791;11989.016602);(3082.062012;11987.864258);(3081.568359;11987.867188);(3081.432373;11988.208984);]","[1-1-1 0:0:0.0;1-1-1 0:0:0.0;1-1-1 0:0:0.0;1-1-1 0:0:0.0;1-1-1 0:0:0.0;1-1-1 0:0:0.0;1-1-1 0:0:0.0;1-1-1 0:0:0.0;1-1-1 0:0:0.0;1-1-1 0:0:0.0;]"
100,"FDI_BJ","","T2_BasicEmergency","[0.579426;0.579487;0.579627;0.579511;0.57909;0.579019;0.578918;0.578962;0.578837;0.578491;]","[3.60815;3.608239;3.608323;3.608432;3.608545;3.608634;3.608721;3.608809;3.608902;3.608988;]","[(3081.377441;11987.992188);(3081.254639;11987.630859);(3080.991943;11988.020508);(3081.217285;11988.126953);(3082.048096;11989.172852);(3082.196289;11989.814453);(3082.398438;11990.229492);(3082.331055;11991.25293);(3082.592529;11992.475586);(3083.255859;11992.173828);]","[1-1-1 0:0:0.0;1-1-1 0:0:0.0;1-1-1 0:0:0.0;1-1-1 0:0:0.0;1-1-1 0:0:0.0;1-1-1 0:0:0.0;1-1-1 0:0:0.0;1-1-1 0:0:0.0;1-1-1 0:0:0.0;1-1-1 0:0:0.0;]"
101,"FDI_BJ","","T2_BasicEmergency","[0.578582;0.578874;0.578731;0.578727;0.578475;0.578164;0.577413;0.576528;0.575436;0.574906;]","[3.609076;3.609164;3.609252;3.609337;3.609422;3.60951;3.609602;3.609687;3.609773;3.609858;]","[(3083.065918;11991.326172);(3082.496094;11991.00293);(3082.770264;11990.827148);(3082.787842;11991.458984);(3083.288574;11992.233398);(3083.907471;11993.323242);(3085.378174;11994.433594);(3087.095947;11994.609375);(3089.231934;11995.476562);(3090.251465;11994.720703);]","[1-1-1 0:0:0.0;1-1-1 0:0:0.0;1-1-1 0:0:0.0;1-1-1 0:0:0.0;1-1-1 0:0:0.0;1-1-1 0:0:0.0;1-1-1 0:0:0.0;1-1-1 0:0:0.0;1-1-1 0:0:0.0;1-1-1 0:0:0.0;]"
102,"FDI_BJ","","T2_BasicEmergency","[0.575668;0.576026;0.57497;0.574407;0.57391;0.569902;0.570235;0.425852;0.425439;0.425622;]","[3.609942;3.610028;3.610113;3.610199;3.610284;3.610368;3.610453;3.61054;3.61061;3.610672;]","[(3088.700195;11990.609375);(3087.925049;11986.316406);(3089.944336;11984.567383);(3091.034912;11984.235352);(3092.027832;11985.331055);(3100.057129;11994.037109);(3099.518799;12002.466797);(3450.673584;12146.342773);(3451.943359;12146.208984);(3451.447021;12144.77832);]","[1-1-1 0:0:0.0;1-1-1 0:0:0.0;1-1-1 0:0:0.0;1-1-1 0:0:0.0;1-1-1 0:0:0.0;1-1-1 0:0:0.0;1-1-1 0:0:0.0;1-1-1 0:0:0.0;1-1-1 0:0:0.0;1-1-1 0:0:0.0;]"
103,"FDI_BJ","","T2_BasicEmergency","[0.425562;0.425403;0.425226;0.425042;0.319099;0.319296;0.319497;0.319667;0.318495;0.317084;]","[3.610734;3.610798;3.610863;3.610926;3.610979;3.611026;3.611074;3.611123;3.61117;3.611218;]","[(3451.674316;12143.822266);(3452.187256;12143.203125);(3452.751221;12142.71875);(3453.319336;12142.639648);(3850.568359;12232.168945);(3849.641113;12232.128906);(3848.723145;12231.662109);(3847.936768;12231.405273);(3853.503662;12230.991211);(3860.263672;12230.140625);]","[1-1-1 0:0:0.0;1-1-1 0:0:0.0;1-1-1 0:0:0.0;1-1-1 0:0:0.0;1-1-1 0:0:0.0;1-1-1 0:0:0.0;1-1-1 0:0:0.0;1-1-1 0:0:0.0;1-1-1 0:0:0.0;1-1-1 0:0:0.0;]"
104,"FDI_BJ","","T2_BasicEmergency","[0.318209;0.319256;0.319423;0.319263;0.31903;0.318627;0.318662;0.318888;0.318957;0.31901;]","[3.611264;3.611311;3.611359;3.611407;3.611455;3.611502;3.611565;3.611627;3.611672;3.611719;]","[(3855.234131;12225.269531);(3850.542725;12221.201172);(3849.646484;12222.885742);(3850.416016;12222.708984);(3851.548584;12222.185547);(3853.547852;12220.671875);(3853.613281;12217.052734);(3851.780762;12228.949219);(3851.062744;12234.741211);(3851.007812;12231.830078);]","[1-1-1 0:0:0.0;1-1-1 0:0:0.0;1-1-1 0:0:0.0;1-1-1 0:0:0.0;1-1-1 0:0:0.0;1-1-1 0:0:0.0;1-1-1 0:0:0.0;1-1-1 0:0:0.0;1-1-1 0:0:0.0;1-1-1 0:0:0.0;]"
105,"FDI_BJ","","T2_BasicEmergency","[0.319465;0.319828;0.319828;0.319722;0.319527;0.319461;0.319538;0.319797;0.319956;0.319796;]","[3.611767;3.611815;3.611862;3.611909;3.611958;3.612007;3.612053;3.612099;3.612147;3.612196;]","[(3848.887695;12231.477539);(3847.250244;12230.399414);(3847.258301;12230.275391);(3847.788086;12229.753906);(3848.753662;12229.068359);(3849.056152;12229.197266);(3848.69458;12229.192383);(3847.454102;12229.525391);(3846.697021;12229.621094);(3847.534912;12228.387695);]","[1-1-1 0:0:0.0;1-1-1 0:0:0.0;1-1-1 0:0:0.0;1-1-1 0:0:0.0;1-1-1 0:0:0.0;1-1-1 0:0:0.0;1-1-1 0:0:0.0;1-1-1 0:0:0.0;1-1-1 0:0:0.0;1-1-1 0:0:0.0;]"